id,domain,name,gate,priority,squad,assignee,predecessors,baselineStatus,deliveryStatus,frontendFeature,frontendPath,acceptance,acceptanceTestId,source,sourceRow
GOV-001,Architecture and governance,"Baseline, ADRs and change control",G0,P0,Architecture,Unassigned,,Not started,not_started,implementation,src/features/implementation/ImplementationCenter.jsx,"Scope IDs, ADR ownership and compatibility rules are approved; no silent requirement deletion.",AT-GOV-001,Customer_Action_OS_Delivery_Tracker_v1(1).xlsx / Feature Tracker,6
GOV-002,Architecture and governance,Version and dependency bill of materials,G0,P0,Architecture,Unassigned,,Not started,not_started,implementation,src/features/implementation/ImplementationCenter.jsx,"All production dependencies and images are pinned with SBOM, licenses, support dates and reproducible build evidence.",AT-GOV-002,Customer_Action_OS_Delivery_Tracker_v1(1).xlsx / Feature Tracker,7
GOV-003,Architecture and governance,Provider capability evidence register,G0,P0,Architecture,Unassigned,,Not started,not_started,implementation,src/features/implementation/ImplementationCenter.jsx,"Every externally exposed capability has version, permission, eligibility, source date and contract-test evidence.",AT-GOV-003,Customer_Action_OS_Delivery_Tracker_v1(1).xlsx / Feature Tracker,8
GOV-004,Architecture and governance,Threat model and abuse cases,G0,P0,Architecture,Unassigned,,Not started,not_started,implementation,src/features/implementation/ImplementationCenter.jsx,"Cross-tenant, SSRF, token theft, duplicate payment, prompt injection and platform-abuse cases have mitigations and tests.",AT-GOV-004,Customer_Action_OS_Delivery_Tracker_v1(1).xlsx / Feature Tracker,9
GOV-005,Architecture and governance,Data classification and residency matrix,G0,P0,Architecture,Unassigned,,Not started,not_started,implementation,src/features/implementation/ImplementationCenter.jsx,"Every data class has owner, processor purpose, location, retention and deletion path.",AT-GOV-005,Customer_Action_OS_Delivery_Tracker_v1(1).xlsx / Feature Tracker,10
GOV-006,Architecture and governance,Release decision and exceptions process,G0,P0,Architecture,Unassigned,,Not started,not_started,implementation,src/features/implementation/ImplementationCenter.jsx,No critical security or policy gate can be waived by an ordinary developer or sales administrator.,AT-GOV-006,Customer_Action_OS_Delivery_Tracker_v1(1).xlsx / Feature Tracker,11
GOV-007,Architecture and governance,Capacity and cost approval,G0,P0,Architecture,Unassigned,,Not started,not_started,implementation,src/features/implementation/ImplementationCenter.jsx,Workbook assumptions are replaced by measured workload distributions and vendor quotas before scale claims.,AT-GOV-007,Customer_Action_OS_Delivery_Tracker_v1(1).xlsx / Feature Tracker,12
PLT-001,Tenant platform,"Organization, workspace and environment model",G0,P0,Platform,Unassigned,GOV-001,Not started,not_started,workspace-access,src/features/studio/FeatureStudioPage.jsx,"Server-created tenant/workspace/environment context propagates to every read, write and event.",AT-PLT-001,Customer_Action_OS_Delivery_Tracker_v1(1).xlsx / Feature Tracker,13
PLT-002,Tenant platform,"Identity, login and MFA",G0,P0,Platform,Unassigned,GOV-001,Not started,not_started,workspace-access,src/features/studio/FeatureStudioPage.jsx,"Login, recovery, MFA, session revocation and account enumeration controls pass security tests.",AT-PLT-002,Customer_Action_OS_Delivery_Tracker_v1(1).xlsx / Feature Tracker,14
PLT-003,Tenant platform,Role and attribute authorization,G0,P0,Platform,Unassigned,GOV-001,Not started,not_started,workspace-access,src/features/studio/FeatureStudioPage.jsx,"Owner/admin/agent/developer/billing/custom roles are enforced on API, background and realtime paths.",AT-PLT-003,Customer_Action_OS_Delivery_Tracker_v1(1).xlsx / Feature Tracker,15
PLT-004,Tenant platform,Cell directory and signed placement,G0,P0,Platform,Unassigned,GOV-001,Not started,not_started,workspace-access,src/features/studio/FeatureStudioPage.jsx,Tenant/account routes resolve with versioned cell assignment and ownership epoch; unknown routes fail closed.,AT-PLT-004,Customer_Action_OS_Delivery_Tracker_v1(1).xlsx / Feature Tracker,16
PLT-005,Tenant platform,Tenant provisioning saga,G0,P0,Platform,Unassigned,GOV-001,Not started,not_started,workspace-access,src/features/studio/FeatureStudioPage.jsx,"Retries create one tenant, one billing profile and one initial workspace; failed provisioning is recoverable.",AT-PLT-005,Customer_Action_OS_Delivery_Tracker_v1(1).xlsx / Feature Tracker,17
PLT-006,Tenant platform,Configuration snapshot distribution,G0,P0,Platform,Unassigned,GOV-001,Not started,not_started,workspace-access,src/features/studio/FeatureStudioPage.jsx,Healthy cell processes existing workloads during global control-plane outage using valid signed snapshots.,AT-PLT-006,Customer_Action_OS_Delivery_Tracker_v1(1).xlsx / Feature Tracker,18
PLT-007,Tenant platform,Feature entitlements and quotas,G0,P0,Platform,Unassigned,GOV-001,Not started,not_started,workspace-access,src/features/studio/FeatureStudioPage.jsx,"Plans enforce feature, cost and volume limits without hardcoded plan-name branches.",AT-PLT-007,Customer_Action_OS_Delivery_Tracker_v1(1).xlsx / Feature Tracker,19
PLT-008,Tenant platform,Secrets and credential references,G0,P0,Platform,Unassigned,GOV-001,Not started,not_started,workspace-access,src/features/studio/FeatureStudioPage.jsx,"Secrets never appear in browser, logs, exports or workflow definitions; rotation is audited.",AT-PLT-008,Customer_Action_OS_Delivery_Tracker_v1(1).xlsx / Feature Tracker,20
PLT-009,Tenant platform,Agency delegation isolation,G0,P0,Platform,Unassigned,GOV-001,Not started,not_started,workspace-access,src/features/studio/FeatureStudioPage.jsx,Partner permissions require explicit tenant grants and do not create implicit cross-tenant data visibility.,AT-PLT-009,Customer_Action_OS_Delivery_Tracker_v1(1).xlsx / Feature Tracker,21
PLT-010,Tenant platform,Offboarding and tenant suspension,G0,P0,Platform,Unassigned,GOV-001,Not started,not_started,workspace-access,src/features/studio/FeatureStudioPage.jsx,Suspension blocks new sends and sensitive reads; durable incoming data follows documented retention policy.,AT-PLT-010,Customer_Action_OS_Delivery_Tracker_v1(1).xlsx / Feature Tracker,22
PLT-011,Tenant platform,Tenant migration fencing,G2,P1,Platform,Unassigned,GOV-001,Not started,not_started,workspace-access,src/features/studio/FeatureStudioPage.jsx,Old and new cells cannot both execute side effects during cutover; event reconciliation passes.,AT-PLT-011,Customer_Action_OS_Delivery_Tracker_v1(1).xlsx / Feature Tracker,23
PLT-012,Tenant platform,Developer sandbox isolation,G0,P0,Platform,Unassigned,GOV-001,Not started,not_started,workspace-access,src/features/studio/FeatureStudioPage.jsx,Sandbox cannot obtain production credentials or address real customers through any action path.,AT-PLT-012,Customer_Action_OS_Delivery_Tracker_v1(1).xlsx / Feature Tracker,24
DAT-001,Data persistence,PostgreSQL schema and migrations,G0,P0,Data,Unassigned,PLT-001,Not started,not_started,data-lifecycle,src/features/studio/FeatureStudioPage.jsx,"Control-plane tables use composite tenant keys, RLS and reversible expand-contract migrations.",AT-DAT-001,Customer_Action_OS_Delivery_Tracker_v1(1).xlsx / Feature Tracker,25
DAT-002,Data persistence,DynamoDB command journal,G0,P0,Data,Unassigned,PLT-001,Not started,not_started,data-lifecycle,src/features/studio/FeatureStudioPage.jsx,Conditional acceptance returns a stable ID; same key/different content fails; accepted command survives process death.,AT-DAT-002,Customer_Action_OS_Delivery_Tracker_v1(1).xlsx / Feature Tracker,26
DAT-003,Data persistence,Durable outbox recovery,G0,P0,Data,Unassigned,PLT-001,Not started,not_started,data-lifecycle,src/features/studio/FeatureStudioPage.jsx,CDC outage beyond stream retention recovers pending commands through sharded durable outbox queries.,AT-DAT-003,Customer_Action_OS_Delivery_Tracker_v1(1).xlsx / Feature Tracker,27
DAT-004,Data persistence,Message timeline projection,G0,P0,Data,Unassigned,PLT-001,Not started,not_started,data-lifecycle,src/features/studio/FeatureStudioPage.jsx,Conversation bucket queries return stable cursor pagination and deduplicate provider messages.,AT-DAT-004,Customer_Action_OS_Delivery_Tracker_v1(1).xlsx / Feature Tracker,28
DAT-005,Data persistence,Message status evidence store,G0,P0,Data,Unassigned,PLT-001,Not started,not_started,data-lifecycle,src/features/studio/FeatureStudioPage.jsx,Out-of-order statuses preserve all facts and cannot downgrade observed delivery or read evidence.,AT-DAT-005,Customer_Action_OS_Delivery_Tracker_v1(1).xlsx / Feature Tracker,29
DAT-006,Data persistence,Customer and consent records,G0,P0,Data,Unassigned,PLT-001,Not started,not_started,data-lifecycle,src/features/studio/FeatureStudioPage.jsx,"Verified identities, consent purpose and provenance are separate from AI-inferred attributes.",AT-DAT-006,Customer_Action_OS_Delivery_Tracker_v1(1).xlsx / Feature Tracker,30
DAT-007,Data persistence,Object storage and media metadata,G0,P0,Data,Unassigned,PLT-001,Not started,not_started,data-lifecycle,src/features/studio/FeatureStudioPage.jsx,"Upload, scan, encryption, hash verification, retention and authorized retrieval are tested.",AT-DAT-007,Customer_Action_OS_Delivery_Tracker_v1(1).xlsx / Feature Tracker,31
DAT-008,Data persistence,Search indexes and rebuilds,G0,P0,Data,Unassigned,PLT-001,Not started,not_started,data-lifecycle,src/features/studio/FeatureStudioPage.jsx,Search is tenant-filtered and rebuildable; deletion removes index copies and caches.,AT-DAT-008,Customer_Action_OS_Delivery_Tracker_v1(1).xlsx / Feature Tracker,32
DAT-009,Data persistence,Analytics warehouse and lake,G0,P0,Data,Unassigned,PLT-001,Not started,not_started,data-lifecycle,src/features/studio/FeatureStudioPage.jsx,Versioned facts arrive without raw private message content by default; late events reconcile.,AT-DAT-009,Customer_Action_OS_Delivery_Tracker_v1(1).xlsx / Feature Tracker,33
DAT-010,Data persistence,"Retention, backup and erasure",G0,P0,Data,Unassigned,PLT-001,Not started,not_started,data-lifecycle,src/features/studio/FeatureStudioPage.jsx,"Expired records are denied immediately; backups, derived data and recovery tombstones follow retention policy.",AT-DAT-010,Customer_Action_OS_Delivery_Tracker_v1(1).xlsx / Feature Tracker,34
EVT-001,Event and queue backbone,Cell-local Kafka deployment,G0,P0,Messaging,Unassigned,DAT-001; PLT-004,Not started,not_started,operations,src/features/studio/FeatureStudioPage.jsx,"Three-AZ replica placement, required ISR and producer settings survive broker/AZ tests.",AT-EVT-001,Customer_Action_OS_Delivery_Tracker_v1(1).xlsx / Feature Tracker,35
EVT-002,Event and queue backbone,Schema registry and event contracts,G0,P0,Messaging,Unassigned,DAT-001; PLT-004,Not started,not_started,operations,src/features/studio/FeatureStudioPage.jsx,Breaking schema edits fail CI; canonical envelope and payload schema versions are validated.,AT-EVT-002,Customer_Action_OS_Delivery_Tracker_v1(1).xlsx / Feature Tracker,36
EVT-003,Event and queue backbone,Verified provider ingress,G0,P0,Messaging,Unassigned,DAT-001; PLT-004,Not started,not_started,operations,src/features/studio/FeatureStudioPage.jsx,All raw payload signatures are checked before parsing; 200 is emitted only after durable acceptance.,AT-EVT-003,Customer_Action_OS_Delivery_Tracker_v1(1).xlsx / Feature Tracker,37
EVT-004,Event and queue backbone,Multi-entry webhook splitting,G0,P0,Messaging,Unassigned,DAT-001; PLT-004,Not started,not_started,operations,src/features/studio/FeatureStudioPage.jsx,Every entry/change/message/status in a batch is routed; partial failure cannot lose sibling events.,AT-EVT-004,Customer_Action_OS_Delivery_Tracker_v1(1).xlsx / Feature Tracker,38
EVT-005,Event and queue backbone,Normalization and deterministic IDs,G0,P0,Messaging,Unassigned,DAT-001; PLT-004,Not started,not_started,operations,src/features/studio/FeatureStudioPage.jsx,Repeated events map to stable dedup keys across reconnects and deployments.,AT-EVT-005,Customer_Action_OS_Delivery_Tracker_v1(1).xlsx / Feature Tracker,39
EVT-006,Event and queue backbone,Idempotent projections and offsets,G0,P0,Messaging,Unassigned,DAT-001; PLT-004,Not started,not_started,operations,src/features/studio/FeatureStudioPage.jsx,A crash after database write and before offset commit produces no duplicate business state.,AT-EVT-006,Customer_Action_OS_Delivery_Tracker_v1(1).xlsx / Feature Tracker,40
EVT-007,Event and queue backbone,Priority lanes and fair scheduling,G0,P0,Messaging,Unassigned,DAT-001; PLT-004,Not started,not_started,operations,src/features/studio/FeatureStudioPage.jsx,"Marketing backlog cannot starve inbound support, consent revocations or critical status processing.",AT-EVT-007,Customer_Action_OS_Delivery_Tracker_v1(1).xlsx / Feature Tracker,41
EVT-008,Event and queue backbone,Retry and dead-letter handling,G0,P0,Messaging,Unassigned,DAT-001; PLT-004,Not started,not_started,operations,src/features/studio/FeatureStudioPage.jsx,"Retryable, terminal and ambiguous outcomes follow distinct tested routes with bounded budgets.",AT-EVT-008,Customer_Action_OS_Delivery_Tracker_v1(1).xlsx / Feature Tracker,42
EVT-009,Event and queue backbone,Outbox publishers and relay,G0,P0,Messaging,Unassigned,DAT-001; PLT-004,Not started,not_started,operations,src/features/studio/FeatureStudioPage.jsx,Publisher crash cannot strand accepted commands; duplicate emissions retain the same command ID.,AT-EVT-009,Customer_Action_OS_Delivery_Tracker_v1(1).xlsx / Feature Tracker,43
EVT-010,Event and queue backbone,Replay control and safety,G0,P0,Messaging,Unassigned,DAT-001; PLT-004,Not started,not_started,operations,src/features/studio/FeatureStudioPage.jsx,Historical replay rebuilds projections but cannot re-execute externally visible actions by default.,AT-EVT-010,Customer_Action_OS_Delivery_Tracker_v1(1).xlsx / Feature Tracker,44
EVT-011,Event and queue backbone,Partition scaling and routing versions,G0,P0,Messaging,Unassigned,DAT-001; PLT-004,Not started,not_started,operations,src/features/studio/FeatureStudioPage.jsx,Partition-count change uses drain/cutover protocol and does not silently break ordering.,AT-EVT-011,Customer_Action_OS_Delivery_Tracker_v1(1).xlsx / Feature Tracker,45
EVT-012,Event and queue backbone,Quota-aware ingress protection,G0,P0,Messaging,Unassigned,DAT-001; PLT-004,Not started,not_started,operations,src/features/studio/FeatureStudioPage.jsx,Authenticated overload receives documented retry responses; durable accepted data is never silently shed.,AT-EVT-012,Customer_Action_OS_Delivery_Tracker_v1(1).xlsx / Feature Tracker,46
WHA-001,WhatsApp and Meta onboarding,Business verification and provider application,G1,P0,Channels,Unassigned,PLT-008; EVT-003,Not started,not_started,channel-center,src/features/studio/FeatureStudioPage.jsx,"Legal business, ownership and provider verification evidence is recorded; no approval is assumed.",AT-WHA-001,Customer_Action_OS_Delivery_Tracker_v1(1).xlsx / Feature Tracker,47
WHA-002,WhatsApp and Meta onboarding,Meta app settings and review package,G1,P0,Channels,Unassigned,PLT-008; EVT-003,Not started,not_started,channel-center,src/features/studio/FeatureStudioPage.jsx,"Required policy pages, callback URLs, reviewer access and permission demonstrations are available.",AT-WHA-002,Customer_Action_OS_Delivery_Tracker_v1(1).xlsx / Feature Tracker,48
WHA-003,WhatsApp and Meta onboarding,Embedded Signup wizard,G1,P0,Channels,Unassigned,PLT-008; EVT-003,Not started,not_started,channel-center,src/features/studio/FeatureStudioPage.jsx,State-bound signup returns asset IDs; backend exchanges code and verifies tenant/asset ownership.,AT-WHA-003,Customer_Action_OS_Delivery_Tracker_v1(1).xlsx / Feature Tracker,49
WHA-004,WhatsApp and Meta onboarding,Credential lifecycle and subscriptions,G1,P0,Channels,Unassigned,PLT-008; EVT-003,Not started,not_started,channel-center,src/features/studio/FeatureStudioPage.jsx,"WABA app subscription, token checks, reauthorization and revocation are idempotent and audited.",AT-WHA-004,Customer_Action_OS_Delivery_Tracker_v1(1).xlsx / Feature Tracker,50
WHA-005,WhatsApp and Meta onboarding,Phone registration and migration,G1,P0,Channels,Unassigned,PLT-008; EVT-003,Not started,not_started,channel-center,src/features/studio/FeatureStudioPage.jsx,New/platform/coexistence paths are distinguished; number readiness is independently verified.,AT-WHA-005,Customer_Action_OS_Delivery_Tracker_v1(1).xlsx / Feature Tracker,51
WHA-006,WhatsApp and Meta onboarding,Business profile and number health,G1,P0,Channels,Unassigned,PLT-008; EVT-003,Not started,not_started,channel-center,src/features/studio/FeatureStudioPage.jsx,"Permitted profile fields, quality, restrictions and missing setup steps are shown accurately.",AT-WHA-006,Customer_Action_OS_Delivery_Tracker_v1(1).xlsx / Feature Tracker,52
WHA-007,WhatsApp and Meta onboarding,Template lifecycle and categories,G1,P0,Channels,Unassigned,PLT-008; EVT-003,Not started,not_started,channel-center,src/features/studio/FeatureStudioPage.jsx,Create/validate/submit/sync/pause/reject paths are tested; workflow references are versioned.,AT-WHA-007,Customer_Action_OS_Delivery_Tracker_v1(1).xlsx / Feature Tracker,53
WHA-008,WhatsApp and Meta onboarding,Message policy and service window,G1,P0,Channels,Unassigned,PLT-008; EVT-003,Not started,not_started,channel-center,src/features/studio/FeatureStudioPage.jsx,"Consent, current window and approved-template gates are evaluated again at send time.",AT-WHA-008,Customer_Action_OS_Delivery_Tracker_v1(1).xlsx / Feature Tracker,54
WHA-009,WhatsApp and Meta onboarding,Business App coexistence,G2,P1,Channels,Unassigned,PLT-008; EVT-003,Not started,not_started,channel-center,src/features/studio/FeatureStudioPage.jsx,"Eligible account history, echoes and sync events reconcile without triggering duplicate automation.",AT-WHA-009,Customer_Action_OS_Delivery_Tracker_v1(1).xlsx / Feature Tracker,55
WHA-010,WhatsApp and Meta onboarding,WhatsApp Flows integration,G2,P1,Channels,Unassigned,PLT-008; EVT-003,Not started,not_started,channel-center,src/features/studio/FeatureStudioPage.jsx,"Flow assets, encryption/endpoint validation, publication and error recovery pass provider contract tests.",AT-WHA-010,Customer_Action_OS_Delivery_Tracker_v1(1).xlsx / Feature Tracker,56
WHA-011,WhatsApp and Meta onboarding,Catalog and WhatsApp commerce,G2,P1,Channels,Unassigned,PLT-008; EVT-003,Not started,not_started,channel-center,src/features/studio/FeatureStudioPage.jsx,"Catalog linkage, product rendering and order callbacks work only for eligible compliant accounts.",AT-WHA-011,Customer_Action_OS_Delivery_Tracker_v1(1).xlsx / Feature Tracker,57
WHA-012,WhatsApp and Meta onboarding,Conditional advanced capabilities,G3,P1,Channels,Unassigned,PLT-008; EVT-003,Not started,not_started,channel-center,src/features/studio/FeatureStudioPage.jsx,"Groups, native payments, marketing-specific APIs and other gated features remain disabled until verified. Meta-native Business Agent interoperability remains disabled unless an official supported interface, permission and contract are verified.",AT-WHA-012,Customer_Action_OS_Delivery_Tracker_v1(1).xlsx / Feature Tracker,58
INS-001,"Instagram, Messenger and Ads",Instagram authorization adapter,G2,P1,Channels,Unassigned,WHA-002,Not started,not_started,channel-center,src/features/studio/FeatureStudioPage.jsx,"Selected login route, scopes and account type are independently reviewed; account binding is validated.",AT-INS-001,Customer_Action_OS_Delivery_Tracker_v1(1).xlsx / Feature Tracker,59
INS-002,"Instagram, Messenger and Ads",Instagram DM receive and send,G2,P1,Channels,Unassigned,WHA-002,Not started,not_started,channel-center,src/features/studio/FeatureStudioPage.jsx,Permitted message types and initiation/window restrictions pass live contract tests.,AT-INS-002,Customer_Action_OS_Delivery_Tracker_v1(1).xlsx / Feature Tracker,60
INS-003,"Instagram, Messenger and Ads",Instagram comments and private replies,G2,P1,Channels,Unassigned,WHA-002,Not started,not_started,channel-center,src/features/studio/FeatureStudioPage.jsx,"Moderation/reply actions are scoped, rate-limited, audited and expose documented restrictions.",AT-INS-003,Customer_Action_OS_Delivery_Tracker_v1(1).xlsx / Feature Tracker,61
INS-004,"Instagram, Messenger and Ads",Instagram publishing and insights,G2,P1,Channels,Unassigned,WHA-002,Not started,not_started,channel-center,src/features/studio/FeatureStudioPage.jsx,"Media validation, publish container lifecycle and available metrics are represented without invented capabilities.",AT-INS-004,Customer_Action_OS_Delivery_Tracker_v1(1).xlsx / Feature Tracker,62
INS-005,"Instagram, Messenger and Ads",Messenger Page onboarding,G2,P1,Channels,Unassigned,WHA-002,Not started,not_started,channel-center,src/features/studio/FeatureStudioPage.jsx,"Page consent, role ownership and token lifecycle pass review and revocation tests.",AT-INS-005,Customer_Action_OS_Delivery_Tracker_v1(1).xlsx / Feature Tracker,63
INS-006,"Instagram, Messenger and Ads",Messenger conversation adapter,G2,P1,Channels,Unassigned,WHA-002,Not started,not_started,channel-center,src/features/studio/FeatureStudioPage.jsx,"Messages, postbacks, allowed tags/windows and delivery events are normalized correctly.",AT-INS-006,Customer_Action_OS_Delivery_Tracker_v1(1).xlsx / Feature Tracker,64
INS-007,"Instagram, Messenger and Ads",Lead Ads and click-to-message attribution,G2,P1,Channels,Unassigned,WHA-002,Not started,not_started,channel-center,src/features/studio/FeatureStudioPage.jsx,Approved ads/lead scopes fetch only authorized lead data and preserve attribution provenance.,AT-INS-007,Customer_Action_OS_Delivery_Tracker_v1(1).xlsx / Feature Tracker,65
INS-008,"Instagram, Messenger and Ads",Ads campaign controls and CAPI,G2,P1,Channels,Unassigned,WHA-002,Not started,not_started,channel-center,src/features/studio/FeatureStudioPage.jsx,Budget approvals and conversion dedup are enforced; no unauthorized ad spending is possible.,AT-INS-008,Customer_Action_OS_Delivery_Tracker_v1(1).xlsx / Feature Tracker,66
TGM-001,Telegram and channel expansion,Bot and business-connection onboarding,G2,P1,Channels,Unassigned,EVT-003,Not started,not_started,channel-center,src/features/studio/FeatureStudioPage.jsx,Bot identity and explicit connection rights are verified per tenant.,AT-TGM-001,Customer_Action_OS_Delivery_Tracker_v1(1).xlsx / Feature Tracker,67
TGM-002,Telegram and channel expansion,Telegram webhook and update handling,G2,P1,Channels,Unassigned,EVT-003,Not started,not_started,channel-center,src/features/studio/FeatureStudioPage.jsx,Secret-token header verified; update_id dedup and edited/deleted/business events tested.,AT-TGM-002,Customer_Action_OS_Delivery_Tracker_v1(1).xlsx / Feature Tracker,68
TGM-003,Telegram and channel expansion,Telegram send and media adapter,G2,P1,Channels,Unassigned,EVT-003,Not started,not_started,channel-center,src/features/studio/FeatureStudioPage.jsx,"Rate limits, retry_after and business_connection_id handled; unsupported read receipts stay unknown.",AT-TGM-003,Customer_Action_OS_Delivery_Tracker_v1(1).xlsx / Feature Tracker,69
TGM-004,Telegram and channel expansion,Telegram Mini App experience,G2,P1,Channels,Unassigned,EVT-003,Not started,not_started,channel-center,src/features/studio/FeatureStudioPage.jsx,Server validates initialization data; web sessions cannot impersonate another customer.,AT-TGM-004,Customer_Action_OS_Delivery_Tracker_v1(1).xlsx / Feature Tracker,70
TGM-005,Telegram and channel expansion,Telegram granular business actions,G2,P1,Channels,Unassigned,EVT-003,Not started,not_started,channel-center,src/features/studio/FeatureStudioPage.jsx,Read/delete/story and other supported rights are checked before each action and hidden when absent.,AT-TGM-005,Customer_Action_OS_Delivery_Tracker_v1(1).xlsx / Feature Tracker,71
TGM-006,Telegram and channel expansion,Channel SDK conformance suite,G2,P1,Channels,Unassigned,EVT-003,Not started,not_started,channel-center,src/features/studio/FeatureStudioPage.jsx,"New adapters declare capabilities, auth, event mapping, idempotency and error classification.",AT-TGM-006,Customer_Action_OS_Delivery_Tracker_v1(1).xlsx / Feature Tracker,72
TGM-007,Telegram and channel expansion,"RCS, SMS and email extension",G2,P1,Channels,Unassigned,EVT-003,Not started,not_started,channel-center,src/features/studio/FeatureStudioPage.jsx,"Provider onboarding, sender approvals, consent and delivery semantics are separate per channel.",AT-TGM-007,Customer_Action_OS_Delivery_Tracker_v1(1).xlsx / Feature Tracker,73
TGM-008,Telegram and channel expansion,Web chat and future channels,G2,P1,Channels,Unassigned,EVT-003,Not started,not_started,channel-center,src/features/studio/FeatureStudioPage.jsx,First-party chat works end-to-end; LINE/Viber/WeChat/Slack/Teams adapters require official API certification.,AT-TGM-008,Customer_Action_OS_Delivery_Tracker_v1(1).xlsx / Feature Tracker,74
MSG-001,Messaging and unified inbox,Outbound acceptance API,G1,P0,Messaging,Unassigned,DAT-002; EVT-009; WHA-003,Not started,not_started,inbox,src/features/inbox/Inbox.jsx,202 means durable queued command only; idempotency conflicts return 409.,AT-MSG-001,Customer_Action_OS_Delivery_Tracker_v1(1).xlsx / Feature Tracker,75
MSG-002,Messaging and unified inbox,Action admission and sender scheduler,G1,P0,Messaging,Unassigned,DAT-002; EVT-009; WHA-003,Not started,not_started,inbox,src/features/inbox/Inbox.jsx,"Capability, consent, policy, budget, sender and recipient limits are enforced at execution time.",AT-MSG-002,Customer_Action_OS_Delivery_Tracker_v1(1).xlsx / Feature Tracker,76
MSG-003,Messaging and unified inbox,Provider timeout reconciliation,G1,P0,Messaging,Unassigned,DAT-002; EVT-009; WHA-003,Not started,not_started,inbox,src/features/inbox/Inbox.jsx,Timeout after request write enters UNKNOWN; non-idempotent send is not blindly retried.,AT-MSG-003,Customer_Action_OS_Delivery_Tracker_v1(1).xlsx / Feature Tracker,77
MSG-004,Messaging and unified inbox,Provider message status mapping,G1,P0,Messaging,Unassigned,DAT-002; EVT-009; WHA-003; ACT-002,Not started,not_started,inbox,src/features/inbox/Inbox.jsx,"Provider acceptance, sent, delivered, read and failed remain distinct evidence states.",AT-MSG-004,Customer_Action_OS_Delivery_Tracker_v1(1).xlsx / Feature Tracker,78
MSG-005,Messaging and unified inbox,Unified inbox timelines,G1,P0,Messaging,Unassigned,DAT-002; EVT-009; WHA-003,Not started,not_started,inbox,src/features/inbox/Inbox.jsx,Inbound and outbound messages merge under correct channel identity with stable pagination.,AT-MSG-005,Customer_Action_OS_Delivery_Tracker_v1(1).xlsx / Feature Tracker,79
MSG-006,Messaging and unified inbox,Realtime updates and reconnect,G1,P0,Messaging,Unassigned,DAT-002; EVT-009; WHA-003,Not started,not_started,inbox,src/features/inbox/Inbox.jsx,Reconnect fetches missed durable state using cursor; socket ACK is not a delivery receipt.,AT-MSG-006,Customer_Action_OS_Delivery_Tracker_v1(1).xlsx / Feature Tracker,80
MSG-007,Messaging and unified inbox,Assignment and agent-bot ownership,G1,P0,Messaging,Unassigned,DAT-002; EVT-009; WHA-003,Not started,not_started,inbox,src/features/inbox/Inbox.jsx,Concurrent human/AI replies are controlled by conversation ownership epoch and leases.,AT-MSG-007,Customer_Action_OS_Delivery_Tracker_v1(1).xlsx / Feature Tracker,81
MSG-008,Messaging and unified inbox,"Queues, routing and SLAs",G1,P0,Messaging,Unassigned,DAT-002; EVT-009; WHA-003,Not started,not_started,inbox,src/features/inbox/Inbox.jsx,"Round-robin, skills, availability, business hours and escalations behave deterministically.",AT-MSG-008,Customer_Action_OS_Delivery_Tracker_v1(1).xlsx / Feature Tracker,82
MSG-009,Messaging and unified inbox,"Notes, mentions and saved replies",G1,P0,Messaging,Unassigned,DAT-002; EVT-009; WHA-003,Not started,not_started,inbox,src/features/inbox/Inbox.jsx,Internal-only data never leaves the tenant or becomes a customer-facing message accidentally.,AT-MSG-009,Customer_Action_OS_Delivery_Tracker_v1(1).xlsx / Feature Tracker,83
MSG-010,Messaging and unified inbox,Rich media and attachments,G1,P0,Messaging,Unassigned,DAT-002; EVT-009; WHA-003,Not started,not_started,inbox,src/features/inbox/Inbox.jsx,"Type/size validation, scanning and authorization precede send or display.",AT-MSG-010,Customer_Action_OS_Delivery_Tracker_v1(1).xlsx / Feature Tracker,84
MSG-011,Messaging and unified inbox,"Search, filters and customer context",G1,P0,Messaging,Unassigned,DAT-002; EVT-009; WHA-003,Not started,not_started,inbox,src/features/inbox/Inbox.jsx,Permission-aware query/filter/export cannot escape assigned tenant/workspace scope.,AT-MSG-011,Customer_Action_OS_Delivery_Tracker_v1(1).xlsx / Feature Tracker,85
MSG-012,Messaging and unified inbox,Opt-out and contact suppression,G1,P0,Messaging,Unassigned,DAT-002; EVT-009; WHA-003,Not started,not_started,inbox,src/features/inbox/Inbox.jsx,Opt-out cancels pending marketing work and produces an auditable policy change.,AT-MSG-012,Customer_Action_OS_Delivery_Tracker_v1(1).xlsx / Feature Tracker,86
WHK-001,Customer webhooks,Webhook endpoint lifecycle,G1,P0,Integrations,Unassigned,EVT-002; PLT-008,Not started,not_started,webhooks,src/features/studio/FeatureStudioPage.jsx,Create/update/delete/disable/test verifies tenant authority and destination safety.,AT-WHK-001,Customer_Action_OS_Delivery_Tracker_v1(1).xlsx / Feature Tracker,87
WHK-002,Customer webhooks,Event subscriptions and filters,G1,P0,Integrations,Unassigned,EVT-002; PLT-008,Not started,not_started,webhooks,src/features/studio/FeatureStudioPage.jsx,"Only entitled, tenant-scoped event fields leave the platform.",AT-WHK-002,Customer_Action_OS_Delivery_Tracker_v1(1).xlsx / Feature Tracker,88
WHK-003,Customer webhooks,HMAC signing and secret rotation,G1,P0,Integrations,Unassigned,EVT-002; PLT-008,Not started,not_started,webhooks,src/features/studio/FeatureStudioPage.jsx,"Signing covers delivery timestamp, stable event ID and exact body bytes; dual-key rotation is tested.",AT-WHK-003,Customer_Action_OS_Delivery_Tracker_v1(1).xlsx / Feature Tracker,89
WHK-004,Customer webhooks,Reliable endpoint delivery,G1,P0,Integrations,Unassigned,EVT-002; PLT-008,Not started,not_started,webhooks,src/features/studio/FeatureStudioPage.jsx,"Per-endpoint ordering option, bounded concurrency and retry schedule survive receiver outages.",AT-WHK-004,Customer_Action_OS_Delivery_Tracker_v1(1).xlsx / Feature Tracker,90
WHK-005,Customer webhooks,Delivery and acknowledgement ledger,G1,P0,Integrations,Unassigned,EVT-002; PLT-008,Not started,not_started,webhooks,src/features/studio/FeatureStudioPage.jsx,"2xx records endpoint acceptance only; attempts, status code and response summary remain available.",AT-WHK-005,Customer_Action_OS_Delivery_Tracker_v1(1).xlsx / Feature Tracker,91
WHK-006,Customer webhooks,Replay and dead-letter UI,G1,P0,Integrations,Unassigned,EVT-002; PLT-008,Not started,not_started,webhooks,src/features/studio/FeatureStudioPage.jsx,"Replay retains event ID, creates new delivery ID and shows duplicate-processing warning.",AT-WHK-006,Customer_Action_OS_Delivery_Tracker_v1(1).xlsx / Feature Tracker,92
WHK-007,Customer webhooks,SSRF and egress isolation,G1,P0,Integrations,Unassigned,EVT-002; PLT-008,Not started,not_started,webhooks,src/features/studio/FeatureStudioPage.jsx,Private/link-local/metadata destinations and redirect/rebinding attacks are blocked.,AT-WHK-007,Customer_Action_OS_Delivery_Tracker_v1(1).xlsx / Feature Tracker,93
WHK-008,Customer webhooks,Inbound custom webhook triggers,G1,P0,Integrations,Unassigned,EVT-002; PLT-008,Not started,not_started,webhooks,src/features/studio/FeatureStudioPage.jsx,"Authentication, payload size, schema validation and idempotency precede workflow activation.",AT-WHK-008,Customer_Action_OS_Delivery_Tracker_v1(1).xlsx / Feature Tracker,94
WHK-009,Customer webhooks,Webhook sandbox and SDK verifier,G1,P0,Integrations,Unassigned,EVT-002; PLT-008,Not started,not_started,webhooks,src/features/studio/FeatureStudioPage.jsx,Documented examples verify signatures and reject expired timestamps and reused delivery IDs.,AT-WHK-009,Customer_Action_OS_Delivery_Tracker_v1(1).xlsx / Feature Tracker,95
WHK-010,Customer webhooks,Business completion acknowledgement,G1,P0,Integrations,Unassigned,EVT-002; PLT-008,Not started,not_started,webhooks,src/features/studio/FeatureStudioPage.jsx,Optional business-ack API is authenticated and separate from transport 2xx delivery acknowledgement.,AT-WHK-010,Customer_Action_OS_Delivery_Tracker_v1(1).xlsx / Feature Tracker,96
CUS-001,Customer state and consent,"Contacts, companies and attributes",G1,P0,Customer,Unassigned,DAT-006,Not started,not_started,customer-state,src/features/studio/FeatureStudioPage.jsx,"Custom fields are versioned with validation, import errors and deletion controls.",AT-CUS-001,Customer_Action_OS_Delivery_Tracker_v1(1).xlsx / Feature Tracker,97
CUS-002,Customer state and consent,Verified cross-channel identity linking,G1,P0,Customer,Unassigned,DAT-006,Not started,not_started,customer-state,src/features/studio/FeatureStudioPage.jsx,Merge requires proof/authorized confirmation; shared display names never auto-merge accounts.,AT-CUS-002,Customer_Action_OS_Delivery_Tracker_v1(1).xlsx / Feature Tracker,98
CUS-003,Customer state and consent,Consent and preference center,G1,P0,Customer,Unassigned,DAT-006,Not started,not_started,customer-state,src/features/studio/FeatureStudioPage.jsx,"Purpose, channel, source, time and revocation are recorded and queryable.",AT-CUS-003,Customer_Action_OS_Delivery_Tracker_v1(1).xlsx / Feature Tracker,99
CUS-004,Customer state and consent,Customer journey state,G1,P0,Customer,Unassigned,DAT-006,Not started,not_started,customer-state,src/features/studio/FeatureStudioPage.jsx,Lifecycle states update with event version checks and preserve source provenance.,AT-CUS-004,Customer_Action_OS_Delivery_Tracker_v1(1).xlsx / Feature Tracker,100
CUS-005,Customer state and consent,Customer memory and summaries,G1,P0,Customer,Unassigned,DAT-006,Not started,not_started,customer-state,src/features/studio/FeatureStudioPage.jsx,Authorized context retrieval respects tenant/customer ACLs and separates facts from inference.,AT-CUS-005,Customer_Action_OS_Delivery_Tracker_v1(1).xlsx / Feature Tracker,101
CUS-006,Customer state and consent,CRM sync ownership,G1,P0,Customer,Unassigned,DAT-006,Not started,not_started,customer-state,src/features/studio/FeatureStudioPage.jsx,"Field source-of-truth, conflict resolution and sync-loop suppression are explicit.",AT-CUS-006,Customer_Action_OS_Delivery_Tracker_v1(1).xlsx / Feature Tracker,102
CUS-007,Customer state and consent,Segments and audience snapshots,G1,P0,Customer,Unassigned,DAT-006,Not started,not_started,customer-state,src/features/studio/FeatureStudioPage.jsx,Campaign audiences are reproducible with suppression rechecked before send.,AT-CUS-007,Customer_Action_OS_Delivery_Tracker_v1(1).xlsx / Feature Tracker,103
CUS-008,Customer state and consent,"Import, export and merge rollback",G1,P0,Customer,Unassigned,DAT-006,Not started,not_started,customer-state,src/features/studio/FeatureStudioPage.jsx,"Large jobs stream, validate and report rejects; identity unlink repairs affected views.",AT-CUS-008,Customer_Action_OS_Delivery_Tracker_v1(1).xlsx / Feature Tracker,104
MIS-001,Mission and experience compiler,Mission domain model,G1,P0,Automation,Unassigned,WFL-002; ACT-001,Not started,not_started,missions,src/features/studio/FeatureStudioPage.jsx,"Goal, measurable success, budget, policy, audience, owner and attribution window are versioned.",AT-MIS-001,Customer_Action_OS_Delivery_Tracker_v1(1).xlsx / Feature Tracker,105
MIS-002,Mission and experience compiler,Prompt-to-mission draft,G1,P0,Automation,Unassigned,WFL-002; ACT-001; AIG-001; AIG-009,Not started,not_started,missions,src/features/studio/FeatureStudioPage.jsx,Compiler emits typed draft and missing-dependency report; never invents permissions or connections.,AT-MIS-002,Customer_Action_OS_Delivery_Tracker_v1(1).xlsx / Feature Tracker,106
MIS-003,Mission and experience compiler,Capability dependency resolution,G1,P0,Automation,Unassigned,WFL-002; ACT-001,Not started,not_started,missions,src/features/studio/FeatureStudioPage.jsx,Every action maps to an approved connector operation and current capability snapshot.,AT-MIS-003,Customer_Action_OS_Delivery_Tracker_v1(1).xlsx / Feature Tracker,107
MIS-004,Mission and experience compiler,Workflow intermediate representation,G1,P0,Automation,Unassigned,WFL-002; ACT-001,Not started,not_started,missions,src/features/studio/FeatureStudioPage.jsx,"Prompt, canvas, template and developer modes produce the same validated IR.",AT-MIS-004,Customer_Action_OS_Delivery_Tracker_v1(1).xlsx / Feature Tracker,108
MIS-005,Mission and experience compiler,Static mission safety checks,G1,P0,Automation,Unassigned,WFL-002; ACT-001,Not started,not_started,missions,src/features/studio/FeatureStudioPage.jsx,"Cycles, types, credentials, cost limits, approval paths and unreachable outcomes are checked.",AT-MIS-005,Customer_Action_OS_Delivery_Tracker_v1(1).xlsx / Feature Tracker,109
MIS-006,Mission and experience compiler,Channel-native experience compiler,G2,P1,Automation,Unassigned,WFL-002; ACT-001,Not started,not_started,missions,src/features/studio/FeatureStudioPage.jsx,One experience schema renders approved channel interactions or explicit web fallback.,AT-MIS-006,Customer_Action_OS_Delivery_Tracker_v1(1).xlsx / Feature Tracker,110
MIS-007,Mission and experience compiler,Publish approvals and immutable versions,G1,P0,Automation,Unassigned,WFL-002; ACT-001; MIS-004; MIS-005,Not started,not_started,missions,src/features/studio/FeatureStudioPage.jsx,Production versions are immutable and executions remain pinned after later edits.,AT-MIS-007,Customer_Action_OS_Delivery_Tracker_v1(1).xlsx / Feature Tracker,111
MIS-008,Mission and experience compiler,KPI and verified outcomes,G1,P0,Automation,Unassigned,WFL-002; ACT-001,Not started,not_started,missions,src/features/studio/FeatureStudioPage.jsx,A provider receipt is not counted as a booking/payment/visit without authoritative outcome evidence.,AT-MIS-008,Customer_Action_OS_Delivery_Tracker_v1(1).xlsx / Feature Tracker,112
MIS-009,Mission and experience compiler,Industry mission templates,G2,P1,Automation,Unassigned,WFL-002; ACT-001,Not started,not_started,missions,src/features/studio/FeatureStudioPage.jsx,"Real estate, education, commerce and service templates include test fixtures and consent gaps.",AT-MIS-009,Customer_Action_OS_Delivery_Tracker_v1(1).xlsx / Feature Tracker,113
WFL-001,Workflow studio and runtime,Visual workflow canvas,G1,P0,Automation,Unassigned,EVT-002; PLT-006,Not started,not_started,workflows,src/features/automation/WorkflowsKanban.jsx,"Node palette, typed ports, validation, undo/redo, zoom, autosave and keyboard operations work.",AT-WFL-001,Customer_Action_OS_Delivery_Tracker_v1(1).xlsx / Feature Tracker,114
WFL-002,Workflow studio and runtime,Reusable node framework,G1,P0,Automation,Unassigned,EVT-002; PLT-006,Not started,not_started,workflows,src/features/automation/WorkflowsKanban.jsx,"Signed node packages declare schema, version, side effects, timeout, idempotency and capabilities.",AT-WFL-002,Customer_Action_OS_Delivery_Tracker_v1(1).xlsx / Feature Tracker,115
WFL-003,Workflow studio and runtime,Trigger and schedule nodes,G1,P0,Automation,Unassigned,EVT-002; PLT-006,Not started,not_started,workflows,src/features/automation/WorkflowsKanban.jsx,Channel/event/webhook/manual/schedule triggers deduplicate; time zones and DST are tested.,AT-WFL-003,Customer_Action_OS_Delivery_Tracker_v1(1).xlsx / Feature Tracker,116
WFL-004,Workflow studio and runtime,"Logic, data and mapping nodes",G1,P0,Automation,Unassigned,EVT-002; PLT-006,Not started,not_started,workflows,src/features/automation/WorkflowsKanban.jsx,"Conditions, bounded loops, joins and transformations validate types without arbitrary eval.",AT-WFL-004,Customer_Action_OS_Delivery_Tracker_v1(1).xlsx / Feature Tracker,117
WFL-005,Workflow studio and runtime,Durable waits and human tasks,G1,P0,Automation,Unassigned,EVT-002; PLT-006,Not started,not_started,workflows,src/features/automation/WorkflowsKanban.jsx,Days-long waits resume after worker failure; approval is authenticated and bound to exact action.,AT-WFL-005,Customer_Action_OS_Delivery_Tracker_v1(1).xlsx / Feature Tracker,118
WFL-006,Workflow studio and runtime,Temporal mission interpreter,G1,P0,Automation,Unassigned,EVT-002; PLT-006; MIS-004,Not started,not_started,workflows,src/features/automation/WorkflowsKanban.jsx,Activities contain side effects; workflow replay remains deterministic across code changes.,AT-WFL-006,Customer_Action_OS_Delivery_Tracker_v1(1).xlsx / Feature Tracker,119
WFL-007,Workflow studio and runtime,Fast-path automations,G1,P0,Automation,Unassigned,EVT-002; PLT-006,Not started,not_started,workflows,src/features/automation/WorkflowsKanban.jsx,Simple deterministic routing avoids a workflow start per receipt while using the same action gateway.,AT-WFL-007,Customer_Action_OS_Delivery_Tracker_v1(1).xlsx / Feature Tracker,120
WFL-008,Workflow studio and runtime,Runtime quotas and fair queues,G1,P0,Automation,Unassigned,EVT-002; PLT-006,Not started,not_started,workflows,src/features/automation/WorkflowsKanban.jsx,Per-tenant execution/token/action limits prevent recursion and noisy-neighbor starvation.,AT-WFL-008,Customer_Action_OS_Delivery_Tracker_v1(1).xlsx / Feature Tracker,121
WFL-009,Workflow studio and runtime,Signals and conversation continuations,G1,P0,Automation,Unassigned,EVT-002; PLT-006,Not started,not_started,workflows,src/features/automation/WorkflowsKanban.jsx,Only relevant events signal running missions; duplicate signals do not duplicate actions.,AT-WFL-009,Customer_Action_OS_Delivery_Tracker_v1(1).xlsx / Feature Tracker,122
WFL-010,Workflow studio and runtime,Debugger and safe resume,G1,P0,Automation,Unassigned,EVT-002; PLT-006,Not started,not_started,workflows,src/features/automation/WorkflowsKanban.jsx,Inputs/outputs are redacted; resume skips completed side effects unless explicit new execution is approved.,AT-WFL-010,Customer_Action_OS_Delivery_Tracker_v1(1).xlsx / Feature Tracker,123
WFL-011,Workflow studio and runtime,"Versioning, rollback and migration",G1,P0,Automation,Unassigned,EVT-002; PLT-006,Not started,not_started,workflows,src/features/automation/WorkflowsKanban.jsx,New runs use selected version; in-flight migration requires supported replay-safe migration.,AT-WFL-011,Customer_Action_OS_Delivery_Tracker_v1(1).xlsx / Feature Tracker,124
WFL-012,Workflow studio and runtime,History compaction and cleanup,G1,P0,Automation,Unassigned,EVT-002; PLT-006,Not started,not_started,workflows,src/features/automation/WorkflowsKanban.jsx,Continue-As-New and payload references keep histories bounded without losing logical run linkage.,AT-WFL-012,Customer_Action_OS_Delivery_Tracker_v1(1).xlsx / Feature Tracker,125
ACT-001,Policy and verified actions,Policy studio and rule compiler,G1,P0,Security,Unassigned,PLT-003; DAT-002,Not started,not_started,policy-studio,src/features/studio/FeatureStudioPage.jsx,No-code rules produce reviewed versioned policies; default deny on missing required facts.,AT-ACT-001,Customer_Action_OS_Delivery_Tracker_v1(1).xlsx / Feature Tracker,126
ACT-002,Policy and verified actions,Unified action gateway,G1,P0,Security,Unassigned,PLT-003; DAT-002,Not started,not_started,policy-studio,src/features/studio/FeatureStudioPage.jsx,"AI, humans, API and campaign workers cannot bypass authorization/consent/budget checks.",AT-ACT-002,Customer_Action_OS_Delivery_Tracker_v1(1).xlsx / Feature Tracker,127
ACT-003,Policy and verified actions,Durable action state machine,G1,P0,Security,Unassigned,PLT-003; DAT-002,Not started,not_started,policy-studio,src/features/studio/FeatureStudioPage.jsx,"Reserve, approve, execute, unknown, confirm and fail states handle races and retries.",AT-ACT-003,Customer_Action_OS_Delivery_Tracker_v1(1).xlsx / Feature Tracker,128
ACT-004,Policy and verified actions,Idempotency and fencing,G1,P0,Security,Unassigned,PLT-003; DAT-002,Not started,not_started,policy-studio,src/features/studio/FeatureStudioPage.jsx,"Action IDs include tenant, execution and step; stale workers cannot acquire a new authorized send.",AT-ACT-004,Customer_Action_OS_Delivery_Tracker_v1(1).xlsx / Feature Tracker,129
ACT-005,Policy and verified actions,Approval binding and expiry,G1,P0,Security,Unassigned,PLT-003; DAT-002,Not started,not_started,policy-studio,src/features/studio/FeatureStudioPage.jsx,"Approval includes payload hash, amount, beneficiary and policy version; change invalidates approval.",AT-ACT-005,Customer_Action_OS_Delivery_Tracker_v1(1).xlsx / Feature Tracker,130
ACT-006,Policy and verified actions,Budget reservation and reconciliation,G1,P0,Security,Unassigned,PLT-003; DAT-002,Not started,not_started,policy-studio,src/features/studio/FeatureStudioPage.jsx,Concurrent actions cannot overspend reserved tenant budget; unused reservations release.,AT-ACT-006,Customer_Action_OS_Delivery_Tracker_v1(1).xlsx / Feature Tracker,131
ACT-007,Policy and verified actions,Provider verification adapters,G1,P0,Security,Unassigned,PLT-003; DAT-002,Not started,not_started,policy-studio,src/features/studio/FeatureStudioPage.jsx,"Verified receipt distinguishes acknowledgement, observed state and business outcome evidence.",AT-ACT-007,Customer_Action_OS_Delivery_Tracker_v1(1).xlsx / Feature Tracker,132
ACT-008,Policy and verified actions,Compensation and manual recovery,G1,P0,Security,Unassigned,PLT-003; DAT-002,Not started,not_started,policy-studio,src/features/studio/FeatureStudioPage.jsx,Refund/cancel/rollback steps are explicit sagas; irreversible actions are never described as undoable.,AT-ACT-008,Customer_Action_OS_Delivery_Tracker_v1(1).xlsx / Feature Tracker,133
ACT-009,Policy and verified actions,Action receipt and evidence integrity,G1,P0,Security,Unassigned,PLT-003; DAT-002,Not started,not_started,policy-studio,src/features/studio/FeatureStudioPage.jsx,"Receipt chain has actor, policy, version, timestamps and evidence pointers without raw secret data.",AT-ACT-009,Customer_Action_OS_Delivery_Tracker_v1(1).xlsx / Feature Tracker,134
ACT-010,Policy and verified actions,Kill switches and emergency containment,G1,P0,Security,Unassigned,PLT-003; DAT-002,Not started,not_started,policy-studio,src/features/studio/FeatureStudioPage.jsx,"Tenant, channel, mission, connector and global side-effect stops work independently of UI.",AT-ACT-010,Customer_Action_OS_Delivery_Tracker_v1(1).xlsx / Feature Tracker,135
SIM-001,Journey twin and controlled change,Deterministic provider/integration simulator,G1,P0,Automation,Unassigned,MIS-004; WFL-006,Not started,not_started,journey-twin,src/features/studio/FeatureStudioPage.jsx,"Signed fixtures reproduce limits, errors, expiry, duplicate and late callbacks.",AT-SIM-001,Customer_Action_OS_Delivery_Tracker_v1(1).xlsx / Feature Tracker,136
SIM-002,Journey twin and controlled change,Synthetic customer scenarios,G1,P0,Automation,Unassigned,MIS-004; WFL-006,Not started,not_started,journey-twin,src/features/studio/FeatureStudioPage.jsx,Synthetic outcomes are labeled simulated and never presented as proven real conversion rates.,AT-SIM-002,Customer_Action_OS_Delivery_Tracker_v1(1).xlsx / Feature Tracker,137
SIM-003,Journey twin and controlled change,Network-isolated shadow runtime,G1,P0,Automation,Unassigned,MIS-004; WFL-006; SIM-001; SEC-009,Not started,not_started,journey-twin,src/features/studio/FeatureStudioPage.jsx,Shadow has no production credentials and network denies all production side effects.,AT-SIM-003,Customer_Action_OS_Delivery_Tracker_v1(1).xlsx / Feature Tracker,138
SIM-004,Journey twin and controlled change,Historical replay and time controls,G2,P1,Automation,Unassigned,MIS-004; WFL-006,Not started,not_started,journey-twin,src/features/studio/FeatureStudioPage.jsx,Replay uses authorized redacted data and records version/dataset/seed for reproducibility.,AT-SIM-004,Customer_Action_OS_Delivery_Tracker_v1(1).xlsx / Feature Tracker,139
SIM-005,Journey twin and controlled change,Canary experiment manager,G2,P1,Automation,Unassigned,MIS-004; WFL-006,Not started,not_started,journey-twin,src/features/studio/FeatureStudioPage.jsx,"Randomized cohorts, guardrails and stop conditions precede claims of causal uplift.",AT-SIM-005,Customer_Action_OS_Delivery_Tracker_v1(1).xlsx / Feature Tracker,140
SIM-006,Journey twin and controlled change,Provider Change Radar,G2,P1,Automation,Unassigned,MIS-004; WFL-006,Not started,not_started,journey-twin,src/features/studio/FeatureStudioPage.jsx,"Changes create reviewed impact reports and evidence-linked migrations, not silent live mutations.",AT-SIM-006,Customer_Action_OS_Delivery_Tracker_v1(1).xlsx / Feature Tracker,141
SIM-007,Journey twin and controlled change,Workflow Doctor proposals,G2,P1,Automation,Unassigned,MIS-004; WFL-006,Not started,not_started,journey-twin,src/features/studio/FeatureStudioPage.jsx,"Repair candidates require schema validation, tests, simulation and authorized publication.",AT-SIM-007,Customer_Action_OS_Delivery_Tracker_v1(1).xlsx / Feature Tracker,142
SIM-008,Journey twin and controlled change,Cost and risk reports,G2,P1,Automation,Unassigned,MIS-004; WFL-006,Not started,not_started,journey-twin,src/features/studio/FeatureStudioPage.jsx,"Observed costs, scenario estimates and unknowns appear separately with assumptions and confidence limits.",AT-SIM-008,Customer_Action_OS_Delivery_Tracker_v1(1).xlsx / Feature Tracker,143
AIG-001,AI agents and knowledge,AI gateway and model policies,G1,P0,AI,Unassigned,PLT-008; ACT-002,Not started,not_started,ai-policy,src/features/studio/FeatureStudioPage.jsx,"Tenant allowlist, data processing terms, budget and egress restrictions gate every model request.",AT-AIG-001,Customer_Action_OS_Delivery_Tracker_v1(1).xlsx / Feature Tracker,144
AIG-002,AI agents and knowledge,BYOK and local model endpoints,G2,P1,AI,Unassigned,PLT-008; ACT-002,Not started,not_started,ai-policy,src/features/studio/FeatureStudioPage.jsx,Keys use vault references; local-only routes never silently fall back to a public model.,AT-AIG-002,Customer_Action_OS_Delivery_Tracker_v1(1).xlsx / Feature Tracker,145
AIG-003,AI agents and knowledge,Model routing and bounded fallbacks,G1,P0,AI,Unassigned,PLT-008; ACT-002,Not started,not_started,ai-policy,src/features/studio/FeatureStudioPage.jsx,"Timeout/circuit-breaker routing respects privacy, region and model capability restrictions.",AT-AIG-003,Customer_Action_OS_Delivery_Tracker_v1(1).xlsx / Feature Tracker,146
AIG-004,AI agents and knowledge,Agent roles and tool permissions,G1,P0,AI,Unassigned,PLT-008; ACT-002,Not started,not_started,ai-policy,src/features/studio/FeatureStudioPage.jsx,Agent roles cannot mint wider scopes; tool calls use explicit action contracts.,AT-AIG-004,Customer_Action_OS_Delivery_Tracker_v1(1).xlsx / Feature Tracker,147
AIG-005,AI agents and knowledge,Agent teams and human handoff,G2,P1,AI,Unassigned,PLT-008; ACT-002,Not started,not_started,ai-policy,src/features/studio/FeatureStudioPage.jsx,Delegation remains bounded; humans receive context and take exclusive conversation control.,AT-AIG-005,Customer_Action_OS_Delivery_Tracker_v1(1).xlsx / Feature Tracker,148
AIG-006,AI agents and knowledge,Knowledge ingestion and file parsing,G1,P0,AI,Unassigned,PLT-008; ACT-002,Not started,not_started,ai-policy,src/features/studio/FeatureStudioPage.jsx,"Parser sandbox scans files, handles errors and records document ACL/version/retention.",AT-AIG-006,Customer_Action_OS_Delivery_Tracker_v1(1).xlsx / Feature Tracker,149
AIG-007,AI agents and knowledge,Hybrid retrieval and citations,G1,P0,AI,Unassigned,PLT-008; ACT-002,Not started,not_started,ai-policy,src/features/studio/FeatureStudioPage.jsx,Tenant/ACL filters apply before retrieval and reranking; outputs cite accessible source passages.,AT-AIG-007,Customer_Action_OS_Delivery_Tracker_v1(1).xlsx / Feature Tracker,150
AIG-008,AI agents and knowledge,Tenant answer caching,G1,P0,AI,Unassigned,PLT-008; ACT-002,Not started,not_started,ai-policy,src/features/studio/FeatureStudioPage.jsx,"Cache key includes tenant, ACL, knowledge/model/prompt versions and freshness; live facts bypass reuse.",AT-AIG-008,Customer_Action_OS_Delivery_Tracker_v1(1).xlsx / Feature Tracker,151
AIG-009,AI agents and knowledge,Structured generation and validation,G1,P0,AI,Unassigned,PLT-008; ACT-002,Not started,not_started,ai-policy,src/features/studio/FeatureStudioPage.jsx,Invalid tool arguments and unsupported claims are rejected or escalated.,AT-AIG-009,Customer_Action_OS_Delivery_Tracker_v1(1).xlsx / Feature Tracker,152
AIG-010,AI agents and knowledge,Prompt injection and exfiltration defense,G1,P0,AI,Unassigned,PLT-008; ACT-002,Not started,not_started,ai-policy,src/features/studio/FeatureStudioPage.jsx,Untrusted content cannot alter tool permissions or leak keys/customer data.,AT-AIG-010,Customer_Action_OS_Delivery_Tracker_v1(1).xlsx / Feature Tracker,153
AIG-011,AI agents and knowledge,Agent evaluations and approval,G1,P0,AI,Unassigned,PLT-008; ACT-002,Not started,not_started,ai-policy,src/features/studio/FeatureStudioPage.jsx,Representative regression and adversarial sets precede autonomy increases.,AT-AIG-011,Customer_Action_OS_Delivery_Tracker_v1(1).xlsx / Feature Tracker,154
AIG-012,AI agents and knowledge,AI data-use enforcement,G1,P0,AI,Unassigned,PLT-008; ACT-002,Not started,not_started,ai-policy,src/features/studio/FeatureStudioPage.jsx,No pooled training/improvement from restricted provider data; allowed uses require recorded legal approval.,AT-AIG-012,Customer_Action_OS_Delivery_Tracker_v1(1).xlsx / Feature Tracker,155
INT-001,Integration platform,Connector SDK and manifests,G1,P0,Integrations,Unassigned,PLT-008; ACT-002,Not started,not_started,connector-studio,src/features/studio/FeatureStudioPage.jsx,"Auth, schemas, limits, effects, health, error and version contracts pass certification.",AT-INT-001,Customer_Action_OS_Delivery_Tracker_v1(1).xlsx / Feature Tracker,156
INT-002,Integration platform,OAuth connection manager,G1,P0,Integrations,Unassigned,PLT-008; ACT-002,Not started,not_started,connector-studio,src/features/studio/FeatureStudioPage.jsx,"State, PKCE where supported, scope checks and single-flight token refresh are tested.",AT-INT-002,Customer_Action_OS_Delivery_Tracker_v1(1).xlsx / Feature Tracker,157
INT-003,Integration platform,OpenAPI private connector builder,G2,P1,Integrations,Unassigned,PLT-008; ACT-002,Not started,not_started,connector-studio,src/features/studio/FeatureStudioPage.jsx,Import produces a draft; auth ambiguity and unsupported webhooks require developer configuration.,AT-INT-003,Customer_Action_OS_Delivery_Tracker_v1(1).xlsx / Feature Tracker,158
INT-004,Integration platform,Generic HTTP action,G1,P0,Integrations,Unassigned,PLT-008; ACT-002,Not started,not_started,connector-studio,src/features/studio/FeatureStudioPage.jsx,"URL, response size, timeout and egress policy enforced; secrets are injected only for allowed hosts.",AT-INT-004,Customer_Action_OS_Delivery_Tracker_v1(1).xlsx / Feature Tracker,159
INT-005,Integration platform,CRM connector pack,G1,P0,Integrations,Unassigned,PLT-008; ACT-002,Not started,not_started,connector-studio,src/features/studio/FeatureStudioPage.jsx,"Salesforce, HubSpot and Zoho actions are certified against sandbox fixtures and field ownership rules.",AT-INT-005,Customer_Action_OS_Delivery_Tracker_v1(1).xlsx / Feature Tracker,160
INT-006,Integration platform,Commerce connector pack,G2,P1,Integrations,Unassigned,PLT-008; ACT-002,Not started,not_started,connector-studio,src/features/studio/FeatureStudioPage.jsx,Shopify and WooCommerce events deduplicate and reconcile orders with source systems.,AT-INT-006,Customer_Action_OS_Delivery_Tracker_v1(1).xlsx / Feature Tracker,161
INT-007,Integration platform,Payment connector pack,G2,P1,Integrations,Unassigned,PLT-008; ACT-002,Not started,not_started,connector-studio,src/features/studio/FeatureStudioPage.jsx,Razorpay/Stripe callbacks verify signatures; payment success is never inferred from browser redirects.,AT-INT-007,Customer_Action_OS_Delivery_Tracker_v1(1).xlsx / Feature Tracker,162
INT-008,Integration platform,Calendar and productivity pack,G1,P0,Integrations,Unassigned,PLT-008; ACT-002,Not started,not_started,connector-studio,src/features/studio/FeatureStudioPage.jsx,"Calendar, Sheets, Drive, Slack and Teams use least privilege and tested scoped operations.",AT-INT-008,Customer_Action_OS_Delivery_Tracker_v1(1).xlsx / Feature Tracker,163
INT-009,Integration platform,Support and ERP extensions,G2,P1,Integrations,Unassigned,PLT-008; ACT-002,Not started,not_started,connector-studio,src/features/studio/FeatureStudioPage.jsx,Jira/ServiceNow/support and internal ERP connectors publish only certified capabilities.,AT-INT-009,Customer_Action_OS_Delivery_Tracker_v1(1).xlsx / Feature Tracker,164
INT-010,Integration platform,Connector health and repair,G2,P1,Integrations,Unassigned,PLT-008; ACT-002,Not started,not_started,connector-studio,src/features/studio/FeatureStudioPage.jsx,"Revocation, schema drift and auth expiry create actionable repair flows.",AT-INT-010,Customer_Action_OS_Delivery_Tracker_v1(1).xlsx / Feature Tracker,165
INT-011,Integration platform,Private network connector agent,G2,P1,Integrations,Unassigned,PLT-008; ACT-002,Not started,not_started,connector-studio,src/features/studio/FeatureStudioPage.jsx,Outbound-only mutually authenticated bridge enforces tenant/workspace and destination policy.,AT-INT-011,Customer_Action_OS_Delivery_Tracker_v1(1).xlsx / Feature Tracker,166
INT-012,Integration platform,Marketplace review and package signing,G2,P1,Integrations,Unassigned,PLT-008; ACT-002,Not started,not_started,connector-studio,src/features/studio/FeatureStudioPage.jsx,"Untrusted connector code has reviewed permissions, isolated runtime and kill switch.",AT-INT-012,Customer_Action_OS_Delivery_Tracker_v1(1).xlsx / Feature Tracker,167
DEV-001,Public developer platform,Public API and OpenAPI contract,G1,P0,API,Unassigned,PLT-003; EVT-002,Not started,not_started,developer-center,src/features/studio/FeatureStudioPage.jsx,"Versioned endpoints have scopes, pagination, error schemas, idempotency and examples.",AT-DEV-001,Customer_Action_OS_Delivery_Tracker_v1(1).xlsx / Feature Tracker,168
DEV-002,Public developer platform,API keys and service identities,G1,P0,API,Unassigned,PLT-003; EVT-002,Not started,not_started,developer-center,src/features/studio/FeatureStudioPage.jsx,Credentials are hashed/revocable/scoped; tenant identity is derived server-side.,AT-DEV-002,Customer_Action_OS_Delivery_Tracker_v1(1).xlsx / Feature Tracker,169
DEV-003,Public developer platform,OAuth apps for customer developers,G2,P1,API,Unassigned,PLT-003; EVT-002,Not started,not_started,developer-center,src/features/studio/FeatureStudioPage.jsx,Authorization code flow binds organization and scopes with redirect validation and consent.,AT-DEV-003,Customer_Action_OS_Delivery_Tracker_v1(1).xlsx / Feature Tracker,170
DEV-004,Public developer platform,Mission execution and status API,G1,P0,API,Unassigned,PLT-003; EVT-002; MIS-001,Not started,not_started,developer-center,src/features/studio/FeatureStudioPage.jsx,202 returns execution ID; polling and callbacks provide truthful asynchronous status.,AT-DEV-004,Customer_Action_OS_Delivery_Tracker_v1(1).xlsx / Feature Tracker,171
DEV-005,Public developer platform,MCP gateway,G2,P1,API,Unassigned,PLT-003; EVT-002,Not started,not_started,developer-center,src/features/studio/FeatureStudioPage.jsx,Audience-bound tokens and tool permissions prevent token passthrough or cross-tenant confused deputy.,AT-DEV-005,Customer_Action_OS_Delivery_Tracker_v1(1).xlsx / Feature Tracker,172
DEV-006,Public developer platform,SDKs and signature helpers,G1,P0,API,Unassigned,PLT-003; EVT-002,Not started,not_started,developer-center,src/features/studio/FeatureStudioPage.jsx,"TypeScript and Python SDKs tested first; Java/PHP/.NET/Go follow contract-generated suites. Initial TypeScript/Python SDKs precede Java, PHP, .NET, Go and mobile SDK expansion under the same public API.",AT-DEV-006,Customer_Action_OS_Delivery_Tracker_v1(1).xlsx / Feature Tracker,173
DEV-007,Public developer platform,"API explorer, docs and sandbox",G1,P0,API,Unassigned,PLT-003; EVT-002,Not started,not_started,developer-center,src/features/studio/FeatureStudioPage.jsx,Examples run in isolated environment with redacted logs and no real recipients by default.,AT-DEV-007,Customer_Action_OS_Delivery_Tracker_v1(1).xlsx / Feature Tracker,174
DEV-008,Public developer platform,Developer usage and audit,G1,P0,API,Unassigned,PLT-003; EVT-002,Not started,not_started,developer-center,src/features/studio/FeatureStudioPage.jsx,"Every API actor, scope and quota action is attributable without recording secrets.",AT-DEV-008,Customer_Action_OS_Delivery_Tracker_v1(1).xlsx / Feature Tracker,175
UX-001,"Web, mobile and accessibility",Next.js application and design system,G1,P0,Experience,Unassigned,PLT-001,Not started,not_started,implementation,src/features/implementation/ImplementationCenter.jsx,Responsive tenant shell and reusable components enforce accessible loading/error/empty states.,AT-UX-001,Customer_Action_OS_Delivery_Tracker_v1(1).xlsx / Feature Tracker,176
UX-002,"Web, mobile and accessibility",Guided onboarding and setup assistant,G1,P0,Experience,Unassigned,PLT-001,Not started,not_started,implementation,src/features/implementation/ImplementationCenter.jsx,Users see missing permissions/verification/billing steps without false ready indicators.,AT-UX-002,Customer_Action_OS_Delivery_Tracker_v1(1).xlsx / Feature Tracker,177
UX-003,"Web, mobile and accessibility",Command Center,G1,P0,Experience,Unassigned,PLT-001,Not started,not_started,implementation,src/features/implementation/ImplementationCenter.jsx,Shows measured operational status with freshness and drill-down to evidence.,AT-UX-003,Customer_Action_OS_Delivery_Tracker_v1(1).xlsx / Feature Tracker,178
UX-004,"Web, mobile and accessibility",Mission and automation navigation,G1,P0,Experience,Unassigned,PLT-001,Not started,not_started,implementation,src/features/implementation/ImplementationCenter.jsx,"Canvas, templates, executions, simulation and approvals share one consistent object model.",AT-UX-004,Customer_Action_OS_Delivery_Tracker_v1(1).xlsx / Feature Tracker,179
UX-005,"Web, mobile and accessibility",Meta and channel control centers,G1,P0,Experience,Unassigned,PLT-001,Not started,not_started,implementation,src/features/implementation/ImplementationCenter.jsx,Capabilities are enabled/disabled with reasons per connected asset.,AT-UX-005,Customer_Action_OS_Delivery_Tracker_v1(1).xlsx / Feature Tracker,180
UX-006,"Web, mobile and accessibility",Global search and command palette,G1,P0,Experience,Unassigned,PLT-001,Not started,not_started,implementation,src/features/implementation/ImplementationCenter.jsx,Results and suggested actions respect user permissions and explicit write confirmation.,AT-UX-006,Customer_Action_OS_Delivery_Tracker_v1(1).xlsx / Feature Tracker,181
UX-007,"Web, mobile and accessibility",Notification center,G1,P0,Experience,Unassigned,PLT-001,Not started,not_started,implementation,src/features/implementation/ImplementationCenter.jsx,"Connection, workflow, quality, budget and security notices have delivery preference and dedup controls.",AT-UX-007,Customer_Action_OS_Delivery_Tracker_v1(1).xlsx / Feature Tracker,182
UX-008,"Web, mobile and accessibility",Localization and regional formats,G1,P0,Experience,Unassigned,PLT-001,Not started,not_started,implementation,src/features/implementation/ImplementationCenter.jsx,"Language, RTL, IANA time zones, dates and currency minor units tested.",AT-UX-008,Customer_Action_OS_Delivery_Tracker_v1(1).xlsx / Feature Tracker,183
UX-009,"Web, mobile and accessibility",PWA and mobile operations,G1,P0,Experience,Unassigned,PLT-001,Not started,not_started,implementation,src/features/implementation/ImplementationCenter.jsx,"Inbox, notifications and approvals work on mobile; offline cache excludes sensitive bodies by default. Native Android/iOS expansion remains retained after the responsive/PWA foundation.",AT-UX-009,Customer_Action_OS_Delivery_Tracker_v1(1).xlsx / Feature Tracker,184
UX-010,"Web, mobile and accessibility",Collaboration and optimistic concurrency,G1,P0,Experience,Unassigned,PLT-001,Not started,not_started,implementation,src/features/implementation/ImplementationCenter.jsx,Simultaneous edits use version checks; users see conflicts rather than silent overwrites.,AT-UX-010,Customer_Action_OS_Delivery_Tracker_v1(1).xlsx / Feature Tracker,185
CMP-001,Campaigns and marketing,Audience and segment builder,G2,P1,Growth,Unassigned,CUS-003; MSG-002,Not started,not_started,campaigns,src/features/campaigns/CampaignsPage.jsx,Preview includes eligible/blocked counts with reasons and reproducible audience snapshot.,AT-CMP-001,Customer_Action_OS_Delivery_Tracker_v1(1).xlsx / Feature Tracker,186
CMP-002,Campaigns and marketing,Campaign authoring and approval,G2,P1,Growth,Unassigned,CUS-003; MSG-002,Not started,not_started,campaigns,src/features/campaigns/CampaignsPage.jsx,"Template/message preview, budgets and supervisor approval bind the exact campaign version.",AT-CMP-002,Customer_Action_OS_Delivery_Tracker_v1(1).xlsx / Feature Tracker,187
CMP-003,Campaigns and marketing,Schedules and quiet hours,G2,P1,Growth,Unassigned,CUS-003; MSG-002,Not started,not_started,campaigns,src/features/campaigns/CampaignsPage.jsx,Time-zone-aware dispatch rechecks consent/window/template availability after waits.,AT-CMP-003,Customer_Action_OS_Delivery_Tracker_v1(1).xlsx / Feature Tracker,188
CMP-004,Campaigns and marketing,Frequency caps and suppression,G2,P1,Growth,Unassigned,CUS-003; MSG-002,Not started,not_started,campaigns,src/features/campaigns/CampaignsPage.jsx,Cross-campaign caps apply per recipient/purpose; opt-out has immediate priority.,AT-CMP-004,Customer_Action_OS_Delivery_Tracker_v1(1).xlsx / Feature Tracker,189
CMP-005,Campaigns and marketing,A/B testing and attribution,G2,P1,Growth,Unassigned,CUS-003; MSG-002,Not started,not_started,campaigns,src/features/campaigns/CampaignsPage.jsx,"Measured conversion evidence, denominators and attribution windows are explicit.",AT-CMP-005,Customer_Action_OS_Delivery_Tracker_v1(1).xlsx / Feature Tracker,190
CMP-006,Campaigns and marketing,Journey marketing mode,G2,P1,Growth,Unassigned,CUS-003; MSG-002,Not started,not_started,campaigns,src/features/campaigns/CampaignsPage.jsx,Marketing-oriented canvas compiles to the same bounded IR and runtime.,AT-CMP-006,Customer_Action_OS_Delivery_Tracker_v1(1).xlsx / Feature Tracker,191
CMP-007,Campaigns and marketing,Campaign delivery reporting,G2,P1,Growth,Unassigned,CUS-003; MSG-002,Not started,not_started,campaigns,src/features/campaigns/CampaignsPage.jsx,Accepted/sent/delivered/read/failed/unknown remain distinct; unavailable signals not estimated as facts.,AT-CMP-007,Customer_Action_OS_Delivery_Tracker_v1(1).xlsx / Feature Tracker,192
CMP-008,Campaigns and marketing,Ads and lead-to-conversation journeys,G2,P1,Growth,Unassigned,CUS-003; MSG-002,Not started,not_started,campaigns,src/features/campaigns/CampaignsPage.jsx,Only authorized lead data and channels are used; channel switch requires customer permission.,AT-CMP-008,Customer_Action_OS_Delivery_Tracker_v1(1).xlsx / Feature Tracker,193
COM-001,"CRM, commerce and appointments",Sales pipeline and tasks,G2,P1,Business,Unassigned,CUS-001; ACT-002,Not started,not_started,business-studio,src/features/studio/FeatureStudioPage.jsx,Lead/deal/stage/task/owner/custom-field lifecycle integrates with workflow events.,AT-COM-001,Customer_Action_OS_Delivery_Tracker_v1(1).xlsx / Feature Tracker,194
COM-002,"CRM, commerce and appointments","Products, catalogs and quotes",G2,P1,Business,Unassigned,CUS-001; ACT-002,Not started,not_started,business-studio,src/features/studio/FeatureStudioPage.jsx,Source prices and stock have version/freshness; AI cannot invent discounts.,AT-COM-002,Customer_Action_OS_Delivery_Tracker_v1(1).xlsx / Feature Tracker,195
COM-003,"CRM, commerce and appointments","Orders, shipping and returns",G2,P1,Business,Unassigned,CUS-001; ACT-002,Not started,not_started,business-studio,src/features/studio/FeatureStudioPage.jsx,Event-driven sync reconciles source order IDs and cancellation races.,AT-COM-003,Customer_Action_OS_Delivery_Tracker_v1(1).xlsx / Feature Tracker,196
COM-004,"CRM, commerce and appointments",Payment links and invoices,G2,P1,Business,Unassigned,CUS-001; ACT-002,Not started,not_started,business-studio,src/features/studio/FeatureStudioPage.jsx,Hosted processor flows avoid collecting card data in messages; status comes from verified callbacks.,AT-COM-004,Customer_Action_OS_Delivery_Tracker_v1(1).xlsx / Feature Tracker,197
COM-005,"CRM, commerce and appointments",Refund approval saga,G2,P1,Business,Unassigned,CUS-001; ACT-002,Not started,not_started,business-studio,src/features/studio/FeatureStudioPage.jsx,"Approval, processor idempotency, ledger entries and unknown-result recovery are tested.",AT-COM-005,Customer_Action_OS_Delivery_Tracker_v1(1).xlsx / Feature Tracker,198
COM-006,"CRM, commerce and appointments",Booking availability and reservations,G2,P1,Business,Unassigned,CUS-001; ACT-002,Not started,not_started,business-studio,src/features/studio/FeatureStudioPage.jsx,Atomic slot reservation avoids double booking; cancellation and reschedule are compensating operations.,AT-COM-006,Customer_Action_OS_Delivery_Tracker_v1(1).xlsx / Feature Tracker,199
COM-007,"CRM, commerce and appointments",Forms and customer portals,G2,P1,Business,Unassigned,CUS-001; ACT-002,Not started,not_started,business-studio,src/features/studio/FeatureStudioPage.jsx,Forms/booking/status pages use scoped short-lived sessions and validated customer identity.,AT-COM-007,Customer_Action_OS_Delivery_Tracker_v1(1).xlsx / Feature Tracker,200
COM-008,"CRM, commerce and appointments",Subscriptions and commerce analytics,G2,P1,Business,Unassigned,CUS-001; ACT-002,Not started,not_started,business-studio,src/features/studio/FeatureStudioPage.jsx,Renewals/failed payments reconcile against authoritative processor state.,AT-COM-008,Customer_Action_OS_Delivery_Tracker_v1(1).xlsx / Feature Tracker,201
VOC-001,Voice and calling,WhatsApp calling eligibility,G3,P1,Voice,Unassigned,MSG-007; WHA-004,Not started,not_started,voice-studio,src/features/studio/FeatureStudioPage.jsx,Supported account/country/permission checks precede activation; technical contract test is recorded.,AT-VOC-001,Customer_Action_OS_Delivery_Tracker_v1(1).xlsx / Feature Tracker,202
VOC-002,Voice and calling,SIP/WebRTC signaling adapter,G3,P1,Voice,Unassigned,MSG-007; WHA-004,Not started,not_started,voice-studio,src/features/studio/FeatureStudioPage.jsx,Provider offer/answer/ICE or approved SIP flow passes interoperability testing.,AT-VOC-002,Customer_Action_OS_Delivery_Tracker_v1(1).xlsx / Feature Tracker,203
VOC-003,Voice and calling,Media plane and TURN,G3,P1,Voice,Unassigned,MSG-007; WHA-004,Not started,not_started,voice-studio,src/features/studio/FeatureStudioPage.jsx,"Isolated realtime media fleet handles NAT, packet loss and concurrency independently of Kafka.",AT-VOC-003,Customer_Action_OS_Delivery_Tracker_v1(1).xlsx / Feature Tracker,204
VOC-004,Voice and calling,Human queue and call ownership,G3,P1,Voice,Unassigned,MSG-007; WHA-004,Not started,not_started,voice-studio,src/features/studio/FeatureStudioPage.jsx,Accept/reject/terminate/transfer and agent availability states prevent double answering.,AT-VOC-004,Customer_Action_OS_Delivery_Tracker_v1(1).xlsx / Feature Tracker,205
VOC-005,Voice and calling,"Recording, transcription and AI voice",G3,P1,Voice,Unassigned,MSG-007; WHA-004,Not started,not_started,voice-studio,src/features/studio/FeatureStudioPage.jsx,"Consent, retention, AI disclosure where needed and immediate human fallback are enforced.",AT-VOC-005,Customer_Action_OS_Delivery_Tracker_v1(1).xlsx / Feature Tracker,206
VOC-006,Voice and calling,"Call usage, summaries and receipts",G3,P1,Voice,Unassigned,MSG-007; WHA-004,Not started,not_started,voice-studio,src/features/studio/FeatureStudioPage.jsx,"Call state, duration, billing evidence and CRM summaries are separately traceable.",AT-VOC-006,Customer_Action_OS_Delivery_Tracker_v1(1).xlsx / Feature Tracker,207
SUP-001,Support and diagnostics,Public help center and policies,G1,P0,Support,Unassigned,PLT-003,Not started,not_started,support-center,src/features/studio/FeatureStudioPage.jsx,"Searchable docs, contact details, privacy/terms/deletion pages and support forms are live.",AT-SUP-001,Customer_Action_OS_Delivery_Tracker_v1(1).xlsx / Feature Tracker,208
SUP-002,Support and diagnostics,Tenant support ticket portal,G1,P0,Support,Unassigned,PLT-003,Not started,not_started,support-center,src/features/studio/FeatureStudioPage.jsx,Tickets link authorized workflow/message/trace IDs and support secure attachments.,AT-SUP-002,Customer_Action_OS_Delivery_Tracker_v1(1).xlsx / Feature Tracker,209
SUP-003,Support and diagnostics,Live support and escalation,G1,P0,Support,Unassigned,PLT-003,Not started,not_started,support-center,src/features/studio/FeatureStudioPage.jsx,Human handoff and response ownership exist independently of AI availability.,AT-SUP-003,Customer_Action_OS_Delivery_Tracker_v1(1).xlsx / Feature Tracker,210
SUP-004,Support and diagnostics,Diagnostic assistant,G1,P0,Support,Unassigned,PLT-003; AIG-001,Not started,not_started,support-center,src/features/studio/FeatureStudioPage.jsx,Read-only authorized diagnostics cite logs/metrics; repairs need explicit authorization.,AT-SUP-004,Customer_Action_OS_Delivery_Tracker_v1(1).xlsx / Feature Tracker,211
SUP-005,Support and diagnostics,Diagnostic bundle redaction,G1,P0,Support,Unassigned,PLT-003,Not started,not_started,support-center,src/features/studio/FeatureStudioPage.jsx,Export excludes secrets and unrelated tenant data; access is expiring and audited.,AT-SUP-005,Customer_Action_OS_Delivery_Tracker_v1(1).xlsx / Feature Tracker,212
SUP-006,Support and diagnostics,Time-limited support access,G1,P0,Support,Unassigned,PLT-003,Not started,not_started,support-center,src/features/studio/FeatureStudioPage.jsx,Tenant-approved scoped impersonation expires automatically and records every sensitive action.,AT-SUP-006,Customer_Action_OS_Delivery_Tracker_v1(1).xlsx / Feature Tracker,213
SUP-007,Support and diagnostics,Public status and incident communication,G1,P0,Support,Unassigned,PLT-003,Not started,not_started,support-center,src/features/studio/FeatureStudioPage.jsx,Platform and provider incidents are differentiated with updates and postmortems.,AT-SUP-007,Customer_Action_OS_Delivery_Tracker_v1(1).xlsx / Feature Tracker,214
SUP-008,Support and diagnostics,Tenant helpdesk module,G2,P1,Support,Unassigned,PLT-003,Not started,not_started,support-center,src/features/studio/FeatureStudioPage.jsx,"Tickets, SLA queues, macros, internal notes, CSAT and QA integrate with conversations.",AT-SUP-008,Customer_Action_OS_Delivery_Tracker_v1(1).xlsx / Feature Tracker,215
BIL-001,Billing and outcome analytics,Usage meter and unique meter keys,G1,P0,FinanceData,Unassigned,DAT-001; EVT-002,Not started,not_started,billing-controls,src/features/studio/FeatureStudioPage.jsx,Retries do not double-charge messages/actions/tokens; corrections are ledger events.,AT-BIL-001,Customer_Action_OS_Delivery_Tracker_v1(1).xlsx / Feature Tracker,216
BIL-002,Billing and outcome analytics,Pricing catalogue and effective dates,G1,P0,FinanceData,Unassigned,DAT-001; EVT-002,Not started,not_started,billing-controls,src/features/studio/FeatureStudioPage.jsx,Rate versions record category/market/currency; estimates remain distinct from actual charges.,AT-BIL-002,Customer_Action_OS_Delivery_Tracker_v1(1).xlsx / Feature Tracker,217
BIL-003,Billing and outcome analytics,Double-entry financial ledger,G1,P0,FinanceData,Unassigned,DAT-001; EVT-002,Not started,not_started,billing-controls,src/features/studio/FeatureStudioPage.jsx,"Integer money, reservations, charges, refunds and reconciliation balance under concurrency.",AT-BIL-003,Customer_Action_OS_Delivery_Tracker_v1(1).xlsx / Feature Tracker,218
BIL-004,Billing and outcome analytics,Subscriptions and invoicing,G1,P0,FinanceData,Unassigned,DAT-001; EVT-002,Not started,not_started,billing-controls,src/features/studio/FeatureStudioPage.jsx,"Trial, plans, dunning, credits, cancellations and tax integration have auditable state.",AT-BIL-004,Customer_Action_OS_Delivery_Tracker_v1(1).xlsx / Feature Tracker,219
BIL-005,Billing and outcome analytics,Provider billing separation,G1,P0,FinanceData,Unassigned,DAT-001; EVT-002; WHA-002,Not started,not_started,billing-controls,src/features/studio/FeatureStudioPage.jsx,Tech Provider SaaS billing is separate from Meta usage; credit-line mode remains approval-gated.,AT-BIL-005,Customer_Action_OS_Delivery_Tracker_v1(1).xlsx / Feature Tracker,220
BIL-006,Billing and outcome analytics,Outcome and business dashboards,G2,P1,FinanceData,Unassigned,DAT-001; EVT-002,Not started,not_started,billing-controls,src/features/studio/FeatureStudioPage.jsx,Verified outcomes and statistical comparisons show data freshness and cannot claim simulated uplift.,AT-BIL-006,Customer_Action_OS_Delivery_Tracker_v1(1).xlsx / Feature Tracker,221
BIL-007,Billing and outcome analytics,Operational analytics,G1,P0,FinanceData,Unassigned,DAT-001; EVT-002,Not started,not_started,billing-controls,src/features/studio/FeatureStudioPage.jsx,"Message/workflow/AI/webhook latency, failure and cost metrics drill into traces.",AT-BIL-007,Customer_Action_OS_Delivery_Tracker_v1(1).xlsx / Feature Tracker,222
BIL-008,Billing and outcome analytics,Cost guardrails and unit economics,G1,P0,FinanceData,Unassigned,DAT-001; EVT-002,Not started,not_started,billing-controls,src/features/studio/FeatureStudioPage.jsx,"Tenant budgets and infrastructure cost model include media, AI, replication, egress and support.",AT-BIL-008,Customer_Action_OS_Delivery_Tracker_v1(1).xlsx / Feature Tracker,223
SEC-001,Security and privacy,Zero-trust service authentication,G0,P0,Security,Unassigned,GOV-004,Not started,not_started,security-center,src/features/studio/FeatureStudioPage.jsx,Workload identity and mTLS bind service/tenant authority; no shared super-token.,AT-SEC-001,Customer_Action_OS_Delivery_Tracker_v1(1).xlsx / Feature Tracker,224
SEC-002,Security and privacy,Encryption and key lifecycle,G0,P0,Security,Unassigned,GOV-004,Not started,not_started,security-center,src/features/studio/FeatureStudioPage.jsx,"Envelope encryption, key rotation/revocation and recovery procedures are exercised.",AT-SEC-002,Customer_Action_OS_Delivery_Tracker_v1(1).xlsx / Feature Tracker,225
SEC-003,Security and privacy,Application security verification,G0,P0,Security,Unassigned,GOV-004,Not started,not_started,security-center,src/features/studio/FeatureStudioPage.jsx,"ASVS baseline checks, threat tests and independent penetration findings are resolved.",AT-SEC-003,Customer_Action_OS_Delivery_Tracker_v1(1).xlsx / Feature Tracker,226
SEC-004,Security and privacy,Enterprise SSO and SCIM,G3,P1,Security,Unassigned,GOV-004,Not started,not_started,security-center,src/features/studio/FeatureStudioPage.jsx,Federation and lifecycle deprovisioning revoke sessions and API privileges.,AT-SEC-004,Customer_Action_OS_Delivery_Tracker_v1(1).xlsx / Feature Tracker,227
SEC-005,Security and privacy,Audit and tamper evidence,G0,P0,Security,Unassigned,GOV-004,Not started,not_started,security-center,src/features/studio/FeatureStudioPage.jsx,Critical configuration/actions have integrity-checked records and controlled export.,AT-SEC-005,Customer_Action_OS_Delivery_Tracker_v1(1).xlsx / Feature Tracker,228
SEC-006,Security and privacy,Data-subject export and deletion,G0,P0,Security,Unassigned,GOV-004,Not started,not_started,security-center,src/features/studio/FeatureStudioPage.jsx,"Deletion covers databases, indexes, object data, AI caches and restore suppression.",AT-SEC-006,Customer_Action_OS_Delivery_Tracker_v1(1).xlsx / Feature Tracker,229
SEC-007,Security and privacy,Provider-data use restrictions,G0,P0,Security,Unassigned,GOV-004,Not started,not_started,security-center,src/features/studio/FeatureStudioPage.jsx,Tenant contracts and technical controls enforce approved processing and no pooled AI training.,AT-SEC-007,Customer_Action_OS_Delivery_Tracker_v1(1).xlsx / Feature Tracker,230
SEC-008,Security and privacy,Abuse detection and tenant review,G0,P0,Security,Unassigned,GOV-004,Not started,not_started,security-center,src/features/studio/FeatureStudioPage.jsx,"Spam, phishing, credential misuse and restricted-business checks can suspend sending.",AT-SEC-008,Customer_Action_OS_Delivery_Tracker_v1(1).xlsx / Feature Tracker,231
SEC-009,Security and privacy,Outbound SSRF and sandbox security,G0,P0,Security,Unassigned,GOV-004,Not started,not_started,security-center,src/features/studio/FeatureStudioPage.jsx,"HTTP nodes, URLs, parsers and connectors pass private-network and container-escape tests.",AT-SEC-009,Customer_Action_OS_Delivery_Tracker_v1(1).xlsx / Feature Tracker,232
SEC-010,Security and privacy,Residency and subprocessors,G0,P0,Security,Unassigned,GOV-004,Not started,not_started,security-center,src/features/studio/FeatureStudioPage.jsx,"Documented region, subprocessors and allowed transfer paths match actual telemetry.",AT-SEC-010,Customer_Action_OS_Delivery_Tracker_v1(1).xlsx / Feature Tracker,233
SEC-011,Security and privacy,Incident response and evidence retention,G0,P0,Security,Unassigned,GOV-004,Not started,not_started,security-center,src/features/studio/FeatureStudioPage.jsx,"Breach response, provider notification and preservation workflows are practiced.",AT-SEC-011,Customer_Action_OS_Delivery_Tracker_v1(1).xlsx / Feature Tracker,234
SEC-012,Security and privacy,Privacy/legal applicability gate,G0,P0,Security,Unassigned,GOV-004,Not started,not_started,security-center,src/features/studio/FeatureStudioPage.jsx,"Applicable DPDP/GDPR, recording, taxes and sector requirements are reviewed by qualified owners.",AT-SEC-012,Customer_Action_OS_Delivery_Tracker_v1(1).xlsx / Feature Tracker,235
OPS-001,Platform operations and scale,Infrastructure as code,G0,P0,SRE,Unassigned,GOV-007,Not started,not_started,operations,src/features/studio/FeatureStudioPage.jsx,A cell is provisioned from reviewed Terraform modules with no manual production drift.,AT-OPS-001,Customer_Action_OS_Delivery_Tracker_v1(1).xlsx / Feature Tracker,236
OPS-002,Platform operations and scale,Kubernetes workload isolation,G0,P0,SRE,Unassigned,GOV-007,Not started,not_started,operations,src/features/studio/FeatureStudioPage.jsx,"Network policy, restricted pods, resource limits, AZ spread and disruption budgets are enforced.",AT-OPS-002,Customer_Action_OS_Delivery_Tracker_v1(1).xlsx / Feature Tracker,237
OPS-003,Platform operations and scale,Signed builds and progressive rollout,G0,P0,SRE,Unassigned,GOV-007,Not started,not_started,operations,src/features/studio/FeatureStudioPage.jsx,Canary cells deploy first; automatic safety checks stop harmful rollouts.,AT-OPS-003,Customer_Action_OS_Delivery_Tracker_v1(1).xlsx / Feature Tracker,238
OPS-004,Platform operations and scale,Autoscaling and prewarming,G0,P0,SRE,Unassigned,GOV-007,Not started,not_started,operations,src/features/studio/FeatureStudioPage.jsx,Queue lag/CPU/concurrency drive scaling within quotas; predictable campaigns reserve capacity.,AT-OPS-004,Customer_Action_OS_Delivery_Tracker_v1(1).xlsx / Feature Tracker,239
OPS-005,Platform operations and scale,Observability and SLO alerts,G0,P0,SRE,Unassigned,GOV-007,Not started,not_started,operations,src/features/studio/FeatureStudioPage.jsx,"Latency, backlog and durability signals have owners and actionable runbooks.",AT-OPS-005,Customer_Action_OS_Delivery_Tracker_v1(1).xlsx / Feature Tracker,240
OPS-006,Platform operations and scale,Kafka and datastore operations,G0,P0,SRE,Unassigned,GOV-007,Not started,not_started,operations,src/features/studio/FeatureStudioPage.jsx,Partition/disk/ISR/CDC/connection-pool alarms and routine maintenance are tested.,AT-OPS-006,Customer_Action_OS_Delivery_Tracker_v1(1).xlsx / Feature Tracker,241
OPS-007,Platform operations and scale,Backups and restore drills,G0,P0,SRE,Unassigned,GOV-007,Not started,not_started,operations,src/features/studio/FeatureStudioPage.jsx,Recover a tenant/cell from backup plus event log and replay deletion tombstones before exposure.,AT-OPS-007,Customer_Action_OS_Delivery_Tracker_v1(1).xlsx / Feature Tracker,242
OPS-008,Platform operations and scale,Regional DR and ownership fence,G2,P1,SRE,Unassigned,GOV-007,Not started,not_started,operations,src/features/studio/FeatureStudioPage.jsx,Promote only permitted region with fencing; unknown external sends remain quarantined.,AT-OPS-008,Customer_Action_OS_Delivery_Tracker_v1(1).xlsx / Feature Tracker,243
OPS-009,Platform operations and scale,Fleet capacity and vendor quotas,G2,P1,SRE,Unassigned,GOV-007,Not started,not_started,operations,src/features/studio/FeatureStudioPage.jsx,"Measured per-cell limits, region headroom, provider/API quotas and support contracts exist.",AT-OPS-009,Customer_Action_OS_Delivery_Tracker_v1(1).xlsx / Feature Tracker,244
OPS-010,Platform operations and scale,Chaos and failure exercises,G1,P0,SRE,Unassigned,GOV-007,Not started,not_started,operations,src/features/studio/FeatureStudioPage.jsx,"Broker, AZ, cache, KMS, provider, control-plane and network partitions have measured outcomes.",AT-OPS-010,Customer_Action_OS_Delivery_Tracker_v1(1).xlsx / Feature Tracker,245
OPS-011,Platform operations and scale,Cost and cardinality controls,G0,P0,SRE,Unassigned,GOV-007,Not started,not_started,operations,src/features/studio/FeatureStudioPage.jsx,"No tenant/customer labels in unbounded metrics; logging, tracing and data retention budgets enforced.",AT-OPS-011,Customer_Action_OS_Delivery_Tracker_v1(1).xlsx / Feature Tracker,246
OPS-012,Platform operations and scale,Operations staffing and on-call,G0,P0,SRE,Unassigned,GOV-007,Not started,not_started,operations,src/features/studio/FeatureStudioPage.jsx,"Primary/secondary rotations, escalation contacts and incident ownership are in place.",AT-OPS-012,Customer_Action_OS_Delivery_Tracker_v1(1).xlsx / Feature Tracker,247
QAT-001,Verification and external approvals,"Unit, property and contract suites",G1,P0,Quality,Unassigned,EVT-003; MSG-001,Not started,not_started,implementation,src/features/implementation/ImplementationCenter.jsx,"Invariant, parser, policy, state machine and provider fixtures run in CI.",AT-QAT-001,Customer_Action_OS_Delivery_Tracker_v1(1).xlsx / Feature Tracker,248
QAT-002,Verification and external approvals,End-to-end business fixtures,G1,P0,Quality,Unassigned,EVT-003; MSG-001,Not started,not_started,implementation,src/features/implementation/ImplementationCenter.jsx,Signup to message/booking/payment/outcome paths pass in sandbox with evidence.,AT-QAT-002,Customer_Action_OS_Delivery_Tracker_v1(1).xlsx / Feature Tracker,249
QAT-003,Verification and external approvals,Cross-tenant adversarial tests,G1,P0,Quality,Unassigned,EVT-003; MSG-001,Not started,not_started,implementation,src/features/implementation/ImplementationCenter.jsx,"Forged tenant IDs, cache keys, sockets, searches, exports and background jobs fail isolation attempts.",AT-QAT-003,Customer_Action_OS_Delivery_Tracker_v1(1).xlsx / Feature Tracker,250
QAT-004,Verification and external approvals,Acknowledgement crash-window tests,G1,P0,Quality,Unassigned,EVT-003; MSG-001,Not started,not_started,implementation,src/features/implementation/ImplementationCenter.jsx,"Kill every stage around durable acceptance, provider call and offset commit; document duplicates/unknowns.",AT-QAT-004,Customer_Action_OS_Delivery_Tracker_v1(1).xlsx / Feature Tracker,251
QAT-005,Verification and external approvals,Load and soak certification,G1,P0,Quality,Unassigned,EVT-003; MSG-001,Not started,not_started,implementation,src/features/implementation/ImplementationCenter.jsx,"Certified cell peak and 72-hour soak include skew, failures, media mix and long-lived connections.",AT-QAT-005,Customer_Action_OS_Delivery_Tracker_v1(1).xlsx / Feature Tracker,252
QAT-006,Verification and external approvals,Meta scope-by-scope app review,G1,P0,Quality,Unassigned,EVT-003; MSG-001; WHA-003; WHA-007,Not started,not_started,implementation,src/features/implementation/ImplementationCenter.jsx,Reviewer videos/accounts/scripts prove actual requested permissions and test customer consent.,AT-QAT-006,Customer_Action_OS_Delivery_Tracker_v1(1).xlsx / Feature Tracker,253
QAT-007,Verification and external approvals,Access/business verification evidence,G1,P0,Quality,Unassigned,EVT-003; MSG-001,Not started,not_started,implementation,src/features/implementation/ImplementationCenter.jsx,Dashboard-specific provider/business verification is completed and recorded before public onboarding.,AT-QAT-007,Customer_Action_OS_Delivery_Tracker_v1(1).xlsx / Feature Tracker,254
QAT-008,Verification and external approvals,Provider quota and one-app validation,G1,P0,Quality,Unassigned,EVT-003; MSG-001,Not started,not_started,implementation,src/features/implementation/ImplementationCenter.jsx,Meta confirms allowed app/asset/throughput model; architecture does not bypass limits with app rotation.,AT-QAT-008,Customer_Action_OS_Delivery_Tracker_v1(1).xlsx / Feature Tracker,255
QAT-009,Verification and external approvals,Calling and advanced-feature approval,G3,P1,Quality,Unassigned,EVT-003; MSG-001; VOC-001,Not started,not_started,implementation,src/features/implementation/ImplementationCenter.jsx,Conditional Meta/Telegram operations enabled only after actual eligibility/permission tests.,AT-QAT-009,Customer_Action_OS_Delivery_Tracker_v1(1).xlsx / Feature Tracker,256
QAT-010,Verification and external approvals,Disaster recovery acceptance,G2,P1,Quality,Unassigned,EVT-003; MSG-001; OPS-008,Not started,not_started,implementation,src/features/implementation/ImplementationCenter.jsx,Measured RPO/RTO and incomplete-send handling meet advertised tier before sales commitments.,AT-QAT-010,Customer_Action_OS_Delivery_Tracker_v1(1).xlsx / Feature Tracker,257
QAT-011,Verification and external approvals,Commercial launch readiness,G1,P0,Quality,Unassigned,EVT-003; MSG-001,Not started,not_started,implementation,src/features/implementation/ImplementationCenter.jsx,"Support, policy pages, onboarding recovery, billing accuracy and no-critical-defect gates pass.",AT-QAT-011,Customer_Action_OS_Delivery_Tracker_v1(1).xlsx / Feature Tracker,258
QAT-012,Verification and external approvals,Competitive and claim review,G1,P0,Quality,Unassigned,EVT-003; MSG-001,Not started,not_started,implementation,src/features/implementation/ImplementationCenter.jsx,"Marketing avoids guaranteed uniqueness, approval, scale or revenue claims without evidence.",AT-QAT-012,Customer_Action_OS_Delivery_Tracker_v1(1).xlsx / Feature Tracker,259
ECO-001,Agency and marketplace,Agency portfolio console,G3,P1,Ecosystem,Unassigned,PLT-009; BIL-003,Not started,not_started,agency-center,src/features/studio/FeatureStudioPage.jsx,"Agency sees only delegated tenants with per-client health, provisioning and access controls.",AT-ECO-001,Customer_Action_OS_Delivery_Tracker_v1(1).xlsx / Feature Tracker,260
ECO-002,Agency and marketplace,White-label experience,G3,P1,Ecosystem,Unassigned,PLT-009; BIL-003,Not started,not_started,agency-center,src/features/studio/FeatureStudioPage.jsx,Custom domain/branding/email respect provider identity and customer ownership rules.,AT-ECO-002,Customer_Action_OS_Delivery_Tracker_v1(1).xlsx / Feature Tracker,261
ECO-003,Agency and marketplace,Reseller plans and statements,G3,P1,Ecosystem,Unassigned,PLT-009; BIL-003,Not started,not_started,agency-center,src/features/studio/FeatureStudioPage.jsx,"Entitlement, commissions and pass-through billing reconcile without hidden provider claims.",AT-ECO-003,Customer_Action_OS_Delivery_Tracker_v1(1).xlsx / Feature Tracker,262
ECO-004,Agency and marketplace,Marketplace packages,G3,P1,Ecosystem,Unassigned,PLT-009; BIL-003,Not started,not_started,agency-center,src/features/studio/FeatureStudioPage.jsx,Mission/workflow/agent/connector/experience/dashboard packages have compatibility and provenance metadata.,AT-ECO-004,Customer_Action_OS_Delivery_Tracker_v1(1).xlsx / Feature Tracker,263
ECO-005,Agency and marketplace,Publisher verification and certification,G3,P1,Ecosystem,Unassigned,PLT-009; BIL-003,Not started,not_started,agency-center,src/features/studio/FeatureStudioPage.jsx,"Signed packages, permission review, malware tests and takedown path precede listing.",AT-ECO-005,Customer_Action_OS_Delivery_Tracker_v1(1).xlsx / Feature Tracker,264
ECO-006,Agency and marketplace,Marketplace revenue sharing,G3,P1,Ecosystem,Unassigned,PLT-009; BIL-003,Not started,not_started,agency-center,src/features/studio/FeatureStudioPage.jsx,"Purchases, refunds and publisher settlements balance in the financial ledger.",AT-ECO-006,Customer_Action_OS_Delivery_Tracker_v1(1).xlsx / Feature Tracker,265
ECO-007,Agency and marketplace,Enterprise dedicated/BYOC deployment,G3,P1,Ecosystem,Unassigned,PLT-009; BIL-003,Not started,not_started,agency-center,src/features/studio/FeatureStudioPage.jsx,"Supported data-plane deployment is scoped, upgradeable and never advertised as air-gapped Meta connectivity.",AT-ECO-007,Customer_Action_OS_Delivery_Tracker_v1(1).xlsx / Feature Tracker,266
ECO-008,Agency and marketplace,Industry packs and partner enablement,G3,P1,Ecosystem,Unassigned,PLT-009; BIL-003,Not started,not_started,agency-center,src/features/studio/FeatureStudioPage.jsx,"Four initial vertical packs include sample data, tests, docs, support and measurable launch outcomes.",AT-ECO-008,Customer_Action_OS_Delivery_Tracker_v1(1).xlsx / Feature Tracker,267
